--
-- PostgreSQL database dump
--

\restrict EGa5RNVUkdhSTrdnaDx7VjssvqBo5jCfyFCsrapmB0aoe2eiZJCsVn0ioEMIaHx

-- Dumped from database version 16.13
-- Dumped by pg_dump version 16.13

SET statement_timeout = 0;
SET lock_timeout = 0;
SET idle_in_transaction_session_timeout = 0;
SET client_encoding = 'UTF8';
SET standard_conforming_strings = on;
SELECT pg_catalog.set_config('search_path', '', false);
SET check_function_bodies = false;
SET xmloption = content;
SET client_min_messages = warning;
SET row_security = off;

--
-- Data for Name: privilege_sections; Type: TABLE DATA; Schema: public; Owner: zorbit
--

INSERT INTO public.privilege_sections (id, section_code, section_label, icon, seq_number, visible, created_at, updated_at) VALUES ('SEC-PLAT', 'platform', 'Platform', 'shield', 0, true, '2026-04-25 00:58:24.305244', '2026-04-25 00:58:24.305244');
INSERT INTO public.privilege_sections (id, section_code, section_label, icon, seq_number, visible, created_at, updated_at) VALUES ('SEC-CORE', 'core', 'Core Services', 'cog', 1, true, '2026-04-25 00:58:24.322861', '2026-04-25 00:58:24.322861');
INSERT INTO public.privilege_sections (id, section_code, section_label, icon, seq_number, visible, created_at, updated_at) VALUES ('SEC-PFS', 'pfs', 'Platform Foundational Services', 'puzzle', 2, true, '2026-04-25 00:58:24.32636', '2026-04-25 00:58:24.32636');
INSERT INTO public.privilege_sections (id, section_code, section_label, icon, seq_number, visible, created_at, updated_at) VALUES ('SEC-APPS', 'apps', 'Business Applications', 'briefcase', 3, true, '2026-04-25 00:58:24.329838', '2026-04-25 00:58:24.329838');


--
-- Data for Name: privileges_v2; Type: TABLE DATA; Schema: public; Owner: zorbit
--

INSERT INTO public.privileges_v2 (id, privilege_code, privilege_label, section_id, fe_route_config, be_route_config, icon, visible_in_menu, seq_number, created_at, updated_at) VALUES ('PRV-ADMIN', 'platform.admin.all', 'Super Admin (all access)', 'SEC-PLAT', '/admin', '/api/v1/G/admin', 'shield-check', true, 0, '2026-04-25 00:58:24.333711', '2026-04-25 00:58:24.333711');
INSERT INTO public.privileges_v2 (id, privilege_code, privilege_label, section_id, fe_route_config, be_route_config, icon, visible_in_menu, seq_number, created_at, updated_at) VALUES ('PRV-SEED', 'platform.seed.execute', 'Run seeders', 'SEC-PLAT', '/admin/seed', '/api/v1/G/identity/seed', 'database', false, 1, '2026-04-25 00:58:24.339821', '2026-04-25 00:58:24.339821');
INSERT INTO public.privileges_v2 (id, privilege_code, privilege_label, section_id, fe_route_config, be_route_config, icon, visible_in_menu, seq_number, created_at, updated_at) VALUES ('PRV-IDENTITY', 'core.identity.read', 'Identity — read', 'SEC-CORE', '/m/identity', '/api/identity', 'users', true, 0, '2026-04-25 00:58:24.345002', '2026-04-25 00:58:24.345002');
INSERT INTO public.privileges_v2 (id, privilege_code, privilege_label, section_id, fe_route_config, be_route_config, icon, visible_in_menu, seq_number, created_at, updated_at) VALUES ('PRV-NAV', 'core.navigation.read', 'Navigation — read', 'SEC-CORE', '/m/navigation', '/api/navigation', 'compass', true, 1, '2026-04-25 00:58:24.348384', '2026-04-25 00:58:24.348384');
INSERT INTO public.privileges_v2 (id, privilege_code, privilege_label, section_id, fe_route_config, be_route_config, icon, visible_in_menu, seq_number, created_at, updated_at) VALUES ('PRV-AUDIT', 'core.audit.read', 'Audit — read', 'SEC-CORE', '/m/audit', '/api/audit', 'file-text', true, 2, '2026-04-25 00:58:24.351895', '2026-04-25 00:58:24.351895');
INSERT INTO public.privileges_v2 (id, privilege_code, privilege_label, section_id, fe_route_config, be_route_config, icon, visible_in_menu, seq_number, created_at, updated_at) VALUES ('PRV-DATA', 'pfs.datatable.read', 'DataTable', 'SEC-PFS', '/m/pfs-datatable', '/api/pfs-datatable', 'table', true, 0, '2026-04-25 00:58:24.355536', '2026-04-25 00:58:24.355536');
INSERT INTO public.privileges_v2 (id, privilege_code, privilege_label, section_id, fe_route_config, be_route_config, icon, visible_in_menu, seq_number, created_at, updated_at) VALUES ('PRV-FORM', 'pfs.form_builder.read', 'Form Builder', 'SEC-PFS', '/m/pfs-form_builder', '/api/pfs-form_builder', 'edit', true, 1, '2026-04-25 00:58:24.366109', '2026-04-25 00:58:24.366109');
INSERT INTO public.privileges_v2 (id, privilege_code, privilege_label, section_id, fe_route_config, be_route_config, icon, visible_in_menu, seq_number, created_at, updated_at) VALUES ('PRV-PCG4', 'app.pcg4.read', 'PCG4', 'SEC-APPS', '/m/app-pcg4', '/api/app-pcg4', 'cube', true, 0, '2026-04-25 00:58:24.451382', '2026-04-25 00:58:24.451382');
INSERT INTO public.privileges_v2 (id, privilege_code, privilege_label, section_id, fe_route_config, be_route_config, icon, visible_in_menu, seq_number, created_at, updated_at) VALUES ('PRV-PMJAY', 'app.claims_core.read', 'Claims Core', 'SEC-APPS', '/m/app-claims_core', '/api/app-claims_core', 'shield-medical', true, 1, '2026-04-25 00:58:24.586708', '2026-04-25 00:58:24.586708');
INSERT INTO public.privileges_v2 (id, privilege_code, privilege_label, section_id, fe_route_config, be_route_config, icon, visible_in_menu, seq_number, created_at, updated_at) VALUES ('PRV-DASH', 'dashboard.view', 'Dashboard', 'SEC-PLAT', '/dashboard', '/api/v1/G/dashboard', 'home', true, 0, '2026-04-25 01:01:11.457274', '2026-04-25 01:01:11.457274');
INSERT INTO public.privileges_v2 (id, privilege_code, privilege_label, section_id, fe_route_config, be_route_config, icon, visible_in_menu, seq_number, created_at, updated_at) VALUES ('PRV-USR', 'identity.users.view', 'Users', 'SEC-CORE', '/identity/users', '/api/v1/O/:orgId/users', 'people', true, 0, '2026-04-25 01:01:11.457274', '2026-04-25 01:01:11.457274');
INSERT INTO public.privileges_v2 (id, privilege_code, privilege_label, section_id, fe_route_config, be_route_config, icon, visible_in_menu, seq_number, created_at, updated_at) VALUES ('PRV-ORG', 'identity.organizations.view', 'Organizations', 'SEC-CORE', '/identity/organizations', '/api/v1/G/organizations', 'business', true, 1, '2026-04-25 01:01:11.457274', '2026-04-25 01:01:11.457274');
INSERT INTO public.privileges_v2 (id, privilege_code, privilege_label, section_id, fe_route_config, be_route_config, icon, visible_in_menu, seq_number, created_at, updated_at) VALUES ('PRV-SESS', 'identity.sessions.view', 'Sessions', 'SEC-CORE', '/identity/sessions', '/api/v1/U/:userId/sessions', 'devices', true, 2, '2026-04-25 01:01:11.457274', '2026-04-25 01:01:11.457274');
INSERT INTO public.privileges_v2 (id, privilege_code, privilege_label, section_id, fe_route_config, be_route_config, icon, visible_in_menu, seq_number, created_at, updated_at) VALUES ('PRV-AUDV', 'audit.view', 'Audit Log', 'SEC-CORE', '/admin/audit', '/api/v1/O/:orgId/audit', 'history', true, 3, '2026-04-25 01:01:11.457274', '2026-04-25 01:01:11.457274');
INSERT INTO public.privileges_v2 (id, privilege_code, privilege_label, section_id, fe_route_config, be_route_config, icon, visible_in_menu, seq_number, created_at, updated_at) VALUES ('PRV-SETT', 'admin.settings.view', 'Admin Settings', 'SEC-PLAT', '/admin/settings', '/api/v1/O/:orgId/settings', 'settings', true, 1, '2026-04-25 01:01:11.457274', '2026-04-25 01:01:11.457274');
INSERT INTO public.privileges_v2 (id, privilege_code, privilege_label, section_id, fe_route_config, be_route_config, icon, visible_in_menu, seq_number, created_at, updated_at) VALUES ('PRV-C3C5', 'observability.traces.read', 'Read Platform Traces', 'SEC-PLAT', NULL, NULL, NULL, false, 0, '2026-04-25 01:06:41.549683', '2026-04-25 01:06:41.549683');
INSERT INTO public.privileges_v2 (id, privilege_code, privilege_label, section_id, fe_route_config, be_route_config, icon, visible_in_menu, seq_number, created_at, updated_at) VALUES ('PRV-B37B', 'observability.metrics.read', 'Read Platform Metrics', 'SEC-PLAT', NULL, NULL, NULL, false, 0, '2026-04-25 01:06:41.583382', '2026-04-25 01:06:41.583382');
INSERT INTO public.privileges_v2 (id, privilege_code, privilege_label, section_id, fe_route_config, be_route_config, icon, visible_in_menu, seq_number, created_at, updated_at) VALUES ('PRV-1766', 'observability.logs.read', 'Read Platform Logs', 'SEC-PLAT', NULL, NULL, NULL, false, 0, '2026-04-25 01:06:41.59937', '2026-04-25 01:06:41.59937');
INSERT INTO public.privileges_v2 (id, privilege_code, privilege_label, section_id, fe_route_config, be_route_config, icon, visible_in_menu, seq_number, created_at, updated_at) VALUES ('PRV-2459', 'observability.db.seed', 'Seed Observability minimal data', 'SEC-PLAT', NULL, NULL, NULL, false, 0, '2026-04-25 01:06:41.616293', '2026-04-25 01:06:41.616293');
INSERT INTO public.privileges_v2 (id, privilege_code, privilege_label, section_id, fe_route_config, be_route_config, icon, visible_in_menu, seq_number, created_at, updated_at) VALUES ('PRV-AUDIT_LOG_EXPORT', 'audit.log.export', 'audit.log.export', 'SEC-PLAT', '', '', 'shield', false, 0, '2026-04-25 03:40:28.179328', '2026-04-25 03:40:28.179328');
INSERT INTO public.privileges_v2 (id, privilege_code, privilege_label, section_id, fe_route_config, be_route_config, icon, visible_in_menu, seq_number, created_at, updated_at) VALUES ('PRV-AUDIT_LOG_READ', 'audit.log.read', 'audit.log.read', 'SEC-PLAT', '', '', 'shield', false, 0, '2026-04-25 03:40:28.38788', '2026-04-25 03:40:28.38788');
INSERT INTO public.privileges_v2 (id, privilege_code, privilege_label, section_id, fe_route_config, be_route_config, icon, visible_in_menu, seq_number, created_at, updated_at) VALUES ('PRV-102', 'authorization.privilege.assign', 'authorization.privilege.assign', 'SEC-PLAT', '', '', 'shield', false, 0, '2026-04-25 03:41:11.829254', '2026-04-25 03:41:11.829254');
INSERT INTO public.privileges_v2 (id, privilege_code, privilege_label, section_id, fe_route_config, be_route_config, icon, visible_in_menu, seq_number, created_at, updated_at) VALUES ('PRV-103', 'authorization.privilege.create', 'authorization.privilege.create', 'SEC-PLAT', '', '', 'shield', false, 0, '2026-04-25 03:41:12.02763', '2026-04-25 03:41:12.02763');
INSERT INTO public.privileges_v2 (id, privilege_code, privilege_label, section_id, fe_route_config, be_route_config, icon, visible_in_menu, seq_number, created_at, updated_at) VALUES ('PRV-104', 'authorization.privilege.delete', 'authorization.privilege.delete', 'SEC-PLAT', '', '', 'shield', false, 0, '2026-04-25 03:41:12.197485', '2026-04-25 03:41:12.197485');
INSERT INTO public.privileges_v2 (id, privilege_code, privilege_label, section_id, fe_route_config, be_route_config, icon, visible_in_menu, seq_number, created_at, updated_at) VALUES ('PRV-105', 'authorization.privilege.read', 'authorization.privilege.read', 'SEC-PLAT', '', '', 'shield', false, 0, '2026-04-25 03:41:12.376171', '2026-04-25 03:41:12.376171');
INSERT INTO public.privileges_v2 (id, privilege_code, privilege_label, section_id, fe_route_config, be_route_config, icon, visible_in_menu, seq_number, created_at, updated_at) VALUES ('PRV-106', 'authorization.privilege.revoke', 'authorization.privilege.revoke', 'SEC-PLAT', '', '', 'shield', false, 0, '2026-04-25 03:41:12.53825', '2026-04-25 03:41:12.53825');
INSERT INTO public.privileges_v2 (id, privilege_code, privilege_label, section_id, fe_route_config, be_route_config, icon, visible_in_menu, seq_number, created_at, updated_at) VALUES ('PRV-107', 'authorization.privilege.update', 'authorization.privilege.update', 'SEC-PLAT', '', '', 'shield', false, 0, '2026-04-25 03:41:12.732457', '2026-04-25 03:41:12.732457');
INSERT INTO public.privileges_v2 (id, privilege_code, privilege_label, section_id, fe_route_config, be_route_config, icon, visible_in_menu, seq_number, created_at, updated_at) VALUES ('PRV-108', 'authorization.role.create', 'authorization.role.create', 'SEC-PLAT', '', '', 'shield', false, 0, '2026-04-25 03:41:12.948996', '2026-04-25 03:41:12.948996');
INSERT INTO public.privileges_v2 (id, privilege_code, privilege_label, section_id, fe_route_config, be_route_config, icon, visible_in_menu, seq_number, created_at, updated_at) VALUES ('PRV-109', 'authorization.role.delete', 'authorization.role.delete', 'SEC-PLAT', '', '', 'shield', false, 0, '2026-04-25 03:41:13.150579', '2026-04-25 03:41:13.150579');
INSERT INTO public.privileges_v2 (id, privilege_code, privilege_label, section_id, fe_route_config, be_route_config, icon, visible_in_menu, seq_number, created_at, updated_at) VALUES ('PRV-110', 'authorization.role.read', 'authorization.role.read', 'SEC-PLAT', '', '', 'shield', false, 0, '2026-04-25 03:41:13.318551', '2026-04-25 03:41:13.318551');
INSERT INTO public.privileges_v2 (id, privilege_code, privilege_label, section_id, fe_route_config, be_route_config, icon, visible_in_menu, seq_number, created_at, updated_at) VALUES ('PRV-111', 'authorization.role.update', 'authorization.role.update', 'SEC-PLAT', '', '', 'shield', false, 0, '2026-04-25 03:41:13.533772', '2026-04-25 03:41:13.533772');
INSERT INTO public.privileges_v2 (id, privilege_code, privilege_label, section_id, fe_route_config, be_route_config, icon, visible_in_menu, seq_number, created_at, updated_at) VALUES ('PRV-112', 'authorization.userrole.assign', 'authorization.userrole.assign', 'SEC-PLAT', '', '', 'shield', false, 0, '2026-04-25 03:41:13.752666', '2026-04-25 03:41:13.752666');
INSERT INTO public.privileges_v2 (id, privilege_code, privilege_label, section_id, fe_route_config, be_route_config, icon, visible_in_menu, seq_number, created_at, updated_at) VALUES ('PRV-113', 'authorization.userrole.read', 'authorization.userrole.read', 'SEC-PLAT', '', '', 'shield', false, 0, '2026-04-25 03:41:13.938882', '2026-04-25 03:41:13.938882');
INSERT INTO public.privileges_v2 (id, privilege_code, privilege_label, section_id, fe_route_config, be_route_config, icon, visible_in_menu, seq_number, created_at, updated_at) VALUES ('PRV-114', 'authorization.userrole.revoke', 'authorization.userrole.revoke', 'SEC-PLAT', '', '', 'shield', false, 0, '2026-04-25 03:41:14.169181', '2026-04-25 03:41:14.169181');
INSERT INTO public.privileges_v2 (id, privilege_code, privilege_label, section_id, fe_route_config, be_route_config, icon, visible_in_menu, seq_number, created_at, updated_at) VALUES ('PRV-115', 'deployment.env.manage', 'deployment.env.manage', 'SEC-PLAT', '', '', 'shield', false, 0, '2026-04-25 03:41:14.366891', '2026-04-25 03:41:14.366891');
INSERT INTO public.privileges_v2 (id, privilege_code, privilege_label, section_id, fe_route_config, be_route_config, icon, visible_in_menu, seq_number, created_at, updated_at) VALUES ('PRV-116', 'deployment.env.read', 'deployment.env.read', 'SEC-PLAT', '', '', 'shield', false, 0, '2026-04-25 03:41:14.559333', '2026-04-25 03:41:14.559333');
INSERT INTO public.privileges_v2 (id, privilege_code, privilege_label, section_id, fe_route_config, be_route_config, icon, visible_in_menu, seq_number, created_at, updated_at) VALUES ('PRV-117', 'deployment.request.approve', 'deployment.request.approve', 'SEC-PLAT', '', '', 'shield', false, 0, '2026-04-25 03:41:14.708171', '2026-04-25 03:41:14.708171');
INSERT INTO public.privileges_v2 (id, privilege_code, privilege_label, section_id, fe_route_config, be_route_config, icon, visible_in_menu, seq_number, created_at, updated_at) VALUES ('PRV-118', 'deployment.request.create', 'deployment.request.create', 'SEC-PLAT', '', '', 'shield', false, 0, '2026-04-25 03:41:14.930332', '2026-04-25 03:41:14.930332');
INSERT INTO public.privileges_v2 (id, privilege_code, privilege_label, section_id, fe_route_config, be_route_config, icon, visible_in_menu, seq_number, created_at, updated_at) VALUES ('PRV-119', 'deployment.request.read', 'deployment.request.read', 'SEC-PLAT', '', '', 'shield', false, 0, '2026-04-25 03:41:15.094441', '2026-04-25 03:41:15.094441');
INSERT INTO public.privileges_v2 (id, privilege_code, privilege_label, section_id, fe_route_config, be_route_config, icon, visible_in_menu, seq_number, created_at, updated_at) VALUES ('PRV-120', 'deployment.request.reject', 'deployment.request.reject', 'SEC-PLAT', '', '', 'shield', false, 0, '2026-04-25 03:41:15.255001', '2026-04-25 03:41:15.255001');
INSERT INTO public.privileges_v2 (id, privilege_code, privilege_label, section_id, fe_route_config, be_route_config, icon, visible_in_menu, seq_number, created_at, updated_at) VALUES ('PRV-121', 'identity.auth.impersonate', 'identity.auth.impersonate', 'SEC-PLAT', '', '', 'shield', false, 0, '2026-04-25 03:41:15.438496', '2026-04-25 03:41:15.438496');
INSERT INTO public.privileges_v2 (id, privilege_code, privilege_label, section_id, fe_route_config, be_route_config, icon, visible_in_menu, seq_number, created_at, updated_at) VALUES ('PRV-122', 'identity.org.admin', 'identity.org.admin', 'SEC-PLAT', '', '', 'shield', false, 0, '2026-04-25 03:41:15.632708', '2026-04-25 03:41:15.632708');
INSERT INTO public.privileges_v2 (id, privilege_code, privilege_label, section_id, fe_route_config, be_route_config, icon, visible_in_menu, seq_number, created_at, updated_at) VALUES ('PRV-123', 'identity.org.manage', 'identity.org.manage', 'SEC-PLAT', '', '', 'shield', false, 0, '2026-04-25 03:41:15.812506', '2026-04-25 03:41:15.812506');
INSERT INTO public.privileges_v2 (id, privilege_code, privilege_label, section_id, fe_route_config, be_route_config, icon, visible_in_menu, seq_number, created_at, updated_at) VALUES ('PRV-124', 'identity.org.read', 'identity.org.read', 'SEC-PLAT', '', '', 'shield', false, 0, '2026-04-25 03:41:16.018446', '2026-04-25 03:41:16.018446');
INSERT INTO public.privileges_v2 (id, privilege_code, privilege_label, section_id, fe_route_config, be_route_config, icon, visible_in_menu, seq_number, created_at, updated_at) VALUES ('PRV-125', 'identity.session.read', 'identity.session.read', 'SEC-PLAT', '', '', 'shield', false, 0, '2026-04-25 03:41:16.19972', '2026-04-25 03:41:16.19972');
INSERT INTO public.privileges_v2 (id, privilege_code, privilege_label, section_id, fe_route_config, be_route_config, icon, visible_in_menu, seq_number, created_at, updated_at) VALUES ('PRV-126', 'identity.session.revoke', 'identity.session.revoke', 'SEC-PLAT', '', '', 'shield', false, 0, '2026-04-25 03:41:16.416942', '2026-04-25 03:41:16.416942');
INSERT INTO public.privileges_v2 (id, privilege_code, privilege_label, section_id, fe_route_config, be_route_config, icon, visible_in_menu, seq_number, created_at, updated_at) VALUES ('PRV-127', 'identity.user.manage', 'identity.user.manage', 'SEC-PLAT', '', '', 'shield', false, 0, '2026-04-25 03:41:16.578677', '2026-04-25 03:41:16.578677');
INSERT INTO public.privileges_v2 (id, privilege_code, privilege_label, section_id, fe_route_config, be_route_config, icon, visible_in_menu, seq_number, created_at, updated_at) VALUES ('PRV-128', 'identity.user.read', 'identity.user.read', 'SEC-PLAT', '', '', 'shield', false, 0, '2026-04-25 03:41:16.763732', '2026-04-25 03:41:16.763732');
INSERT INTO public.privileges_v2 (id, privilege_code, privilege_label, section_id, fe_route_config, be_route_config, icon, visible_in_menu, seq_number, created_at, updated_at) VALUES ('PRV-129', 'messaging.dlq.discard', 'messaging.dlq.discard', 'SEC-PLAT', '', '', 'shield', false, 0, '2026-04-25 03:41:16.910567', '2026-04-25 03:41:16.910567');
INSERT INTO public.privileges_v2 (id, privilege_code, privilege_label, section_id, fe_route_config, be_route_config, icon, visible_in_menu, seq_number, created_at, updated_at) VALUES ('PRV-130', 'messaging.dlq.read', 'messaging.dlq.read', 'SEC-PLAT', '', '', 'shield', false, 0, '2026-04-25 03:41:17.088677', '2026-04-25 03:41:17.088677');
INSERT INTO public.privileges_v2 (id, privilege_code, privilege_label, section_id, fe_route_config, be_route_config, icon, visible_in_menu, seq_number, created_at, updated_at) VALUES ('PRV-131', 'messaging.dlq.retry', 'messaging.dlq.retry', 'SEC-PLAT', '', '', 'shield', false, 0, '2026-04-25 03:41:17.241176', '2026-04-25 03:41:17.241176');
INSERT INTO public.privileges_v2 (id, privilege_code, privilege_label, section_id, fe_route_config, be_route_config, icon, visible_in_menu, seq_number, created_at, updated_at) VALUES ('PRV-132', 'messaging.topic.create', 'messaging.topic.create', 'SEC-PLAT', '', '', 'shield', false, 0, '2026-04-25 03:41:17.46275', '2026-04-25 03:41:17.46275');
INSERT INTO public.privileges_v2 (id, privilege_code, privilege_label, section_id, fe_route_config, be_route_config, icon, visible_in_menu, seq_number, created_at, updated_at) VALUES ('PRV-133', 'messaging.topic.delete', 'messaging.topic.delete', 'SEC-PLAT', '', '', 'shield', false, 0, '2026-04-25 03:41:17.666029', '2026-04-25 03:41:17.666029');
INSERT INTO public.privileges_v2 (id, privilege_code, privilege_label, section_id, fe_route_config, be_route_config, icon, visible_in_menu, seq_number, created_at, updated_at) VALUES ('PRV-134', 'messaging.topic.read', 'messaging.topic.read', 'SEC-PLAT', '', '', 'shield', false, 0, '2026-04-25 03:41:17.832265', '2026-04-25 03:41:17.832265');
INSERT INTO public.privileges_v2 (id, privilege_code, privilege_label, section_id, fe_route_config, be_route_config, icon, visible_in_menu, seq_number, created_at, updated_at) VALUES ('PRV-135', 'navigation.menu.delete', 'navigation.menu.delete', 'SEC-PLAT', '', '', 'shield', false, 0, '2026-04-25 03:41:17.994841', '2026-04-25 03:41:17.994841');
INSERT INTO public.privileges_v2 (id, privilege_code, privilege_label, section_id, fe_route_config, be_route_config, icon, visible_in_menu, seq_number, created_at, updated_at) VALUES ('PRV-136', 'navigation.menu.read', 'navigation.menu.read', 'SEC-PLAT', '', '', 'shield', false, 0, '2026-04-25 03:41:18.135382', '2026-04-25 03:41:18.135382');
INSERT INTO public.privileges_v2 (id, privilege_code, privilege_label, section_id, fe_route_config, be_route_config, icon, visible_in_menu, seq_number, created_at, updated_at) VALUES ('PRV-137', 'navigation.menu.update', 'navigation.menu.update', 'SEC-PLAT', '', '', 'shield', false, 0, '2026-04-25 03:41:18.302852', '2026-04-25 03:41:18.302852');
INSERT INTO public.privileges_v2 (id, privilege_code, privilege_label, section_id, fe_route_config, be_route_config, icon, visible_in_menu, seq_number, created_at, updated_at) VALUES ('PRV-138', 'navigation.module.read', 'navigation.module.read', 'SEC-PLAT', '', '', 'shield', false, 0, '2026-04-25 03:41:18.498477', '2026-04-25 03:41:18.498477');
INSERT INTO public.privileges_v2 (id, privilege_code, privilege_label, section_id, fe_route_config, be_route_config, icon, visible_in_menu, seq_number, created_at, updated_at) VALUES ('PRV-139', 'navigation.module.register', 'navigation.module.register', 'SEC-PLAT', '', '', 'shield', false, 0, '2026-04-25 03:41:18.716218', '2026-04-25 03:41:18.716218');
INSERT INTO public.privileges_v2 (id, privilege_code, privilege_label, section_id, fe_route_config, be_route_config, icon, visible_in_menu, seq_number, created_at, updated_at) VALUES ('PRV-140', 'navigation.module.unregister', 'navigation.module.unregister', 'SEC-PLAT', '', '', 'shield', false, 0, '2026-04-25 03:41:18.905163', '2026-04-25 03:41:18.905163');
INSERT INTO public.privileges_v2 (id, privilege_code, privilege_label, section_id, fe_route_config, be_route_config, icon, visible_in_menu, seq_number, created_at, updated_at) VALUES ('PRV-145', 'piivault.token.create', 'piivault.token.create', 'SEC-PLAT', '', '', 'shield', false, 0, '2026-04-25 03:41:19.770339', '2026-04-25 03:41:19.770339');
INSERT INTO public.privileges_v2 (id, privilege_code, privilege_label, section_id, fe_route_config, be_route_config, icon, visible_in_menu, seq_number, created_at, updated_at) VALUES ('PRV-146', 'piivault.token.delete', 'piivault.token.delete', 'SEC-PLAT', '', '', 'shield', false, 0, '2026-04-25 03:41:19.946437', '2026-04-25 03:41:19.946437');
INSERT INTO public.privileges_v2 (id, privilege_code, privilege_label, section_id, fe_route_config, be_route_config, icon, visible_in_menu, seq_number, created_at, updated_at) VALUES ('PRV-147', 'piivault.token.read', 'piivault.token.read', 'SEC-PLAT', '', '', 'shield', false, 0, '2026-04-25 03:41:20.090077', '2026-04-25 03:41:20.090077');
INSERT INTO public.privileges_v2 (id, privilege_code, privilege_label, section_id, fe_route_config, be_route_config, icon, visible_in_menu, seq_number, created_at, updated_at) VALUES ('PRV-148', 'piivault.visibility.create', 'piivault.visibility.create', 'SEC-PLAT', '', '', 'shield', false, 0, '2026-04-25 03:41:20.253615', '2026-04-25 03:41:20.253615');
INSERT INTO public.privileges_v2 (id, privilege_code, privilege_label, section_id, fe_route_config, be_route_config, icon, visible_in_menu, seq_number, created_at, updated_at) VALUES ('PRV-149', 'piivault.visibility.delete', 'piivault.visibility.delete', 'SEC-PLAT', '', '', 'shield', false, 0, '2026-04-25 03:41:20.481012', '2026-04-25 03:41:20.481012');
INSERT INTO public.privileges_v2 (id, privilege_code, privilege_label, section_id, fe_route_config, be_route_config, icon, visible_in_menu, seq_number, created_at, updated_at) VALUES ('PRV-150', 'piivault.visibility.read', 'piivault.visibility.read', 'SEC-PLAT', '', '', 'shield', false, 0, '2026-04-25 03:41:20.668641', '2026-04-25 03:41:20.668641');
INSERT INTO public.privileges_v2 (id, privilege_code, privilege_label, section_id, fe_route_config, be_route_config, icon, visible_in_menu, seq_number, created_at, updated_at) VALUES ('PRV-151', 'piivault.visibility.update', 'piivault.visibility.update', 'SEC-PLAT', '', '', 'shield', false, 0, '2026-04-25 03:41:20.840539', '2026-04-25 03:41:20.840539');
INSERT INTO public.privileges_v2 (id, privilege_code, privilege_label, section_id, fe_route_config, be_route_config, icon, visible_in_menu, seq_number, created_at, updated_at) VALUES ('PRV-153', 'registry.module.admin', 'registry.module.admin', 'SEC-PLAT', '', '', 'shield', false, 0, '2026-04-25 03:41:21.146756', '2026-04-25 03:41:21.146756');
INSERT INTO public.privileges_v2 (id, privilege_code, privilege_label, section_id, fe_route_config, be_route_config, icon, visible_in_menu, seq_number, created_at, updated_at) VALUES ('PRV-154', 'registry.module.read', 'registry.module.read', 'SEC-PLAT', '', '', 'shield', false, 0, '2026-04-25 03:41:21.322555', '2026-04-25 03:41:21.322555');
INSERT INTO public.privileges_v2 (id, privilege_code, privilege_label, section_id, fe_route_config, be_route_config, icon, visible_in_menu, seq_number, created_at, updated_at) VALUES ('PRV-155', 'secrets_vault.org.secret.manage', 'secrets_vault.org.secret.manage', 'SEC-PLAT', '', '', 'shield', false, 0, '2026-04-25 03:41:21.458623', '2026-04-25 03:41:21.458623');
INSERT INTO public.privileges_v2 (id, privilege_code, privilege_label, section_id, fe_route_config, be_route_config, icon, visible_in_menu, seq_number, created_at, updated_at) VALUES ('PRV-156', 'secrets_vault.org.secret.read', 'secrets_vault.org.secret.read', 'SEC-PLAT', '', '', 'shield', false, 0, '2026-04-25 03:41:21.658548', '2026-04-25 03:41:21.658548');
INSERT INTO public.privileges_v2 (id, privilege_code, privilege_label, section_id, fe_route_config, be_route_config, icon, visible_in_menu, seq_number, created_at, updated_at) VALUES ('PRV-418D', 'secrets_vault.platform.secret.read', 'Read Platform Secrets', 'SEC-PLAT', NULL, NULL, NULL, false, 0, '2026-04-25 07:27:05.271672', '2026-04-25 07:27:05.271672');
INSERT INTO public.privileges_v2 (id, privilege_code, privilege_label, section_id, fe_route_config, be_route_config, icon, visible_in_menu, seq_number, created_at, updated_at) VALUES ('PRV-4EA4', 'secrets_vault.platform.secret.manage', 'Create/Update Platform Secrets', 'SEC-PLAT', NULL, NULL, NULL, false, 0, '2026-04-25 07:27:05.285115', '2026-04-25 07:27:05.285115');
INSERT INTO public.privileges_v2 (id, privilege_code, privilege_label, section_id, fe_route_config, be_route_config, icon, visible_in_menu, seq_number, created_at, updated_at) VALUES ('PRV-88AE', 'secrets_vault.platform.secret.rotate', 'Rotate Platform Secrets', 'SEC-PLAT', NULL, NULL, NULL, false, 0, '2026-04-25 07:27:05.290587', '2026-04-25 07:27:05.290587');
INSERT INTO public.privileges_v2 (id, privilege_code, privilege_label, section_id, fe_route_config, be_route_config, icon, visible_in_menu, seq_number, created_at, updated_at) VALUES ('PRV-3530', 'secrets_vault.platform.secret.delete', 'Delete Platform Secrets', 'SEC-PLAT', NULL, NULL, NULL, false, 0, '2026-04-25 07:27:05.29722', '2026-04-25 07:27:05.29722');
INSERT INTO public.privileges_v2 (id, privilege_code, privilege_label, section_id, fe_route_config, be_route_config, icon, visible_in_menu, seq_number, created_at, updated_at) VALUES ('PRV-03A3', 'secrets_vault.org.secret.rotate', 'Rotate Org Secrets (scoped)', 'SEC-PLAT', NULL, NULL, NULL, false, 0, '2026-04-25 07:27:05.311019', '2026-04-25 07:27:05.311019');
INSERT INTO public.privileges_v2 (id, privilege_code, privilege_label, section_id, fe_route_config, be_route_config, icon, visible_in_menu, seq_number, created_at, updated_at) VALUES ('PRV-0B34', 'secrets_vault.org.secret.delete', 'Delete Org Secrets (scoped)', 'SEC-PLAT', NULL, NULL, NULL, false, 0, '2026-04-25 07:27:05.316458', '2026-04-25 07:27:05.316458');
INSERT INTO public.privileges_v2 (id, privilege_code, privilege_label, section_id, fe_route_config, be_route_config, icon, visible_in_menu, seq_number, created_at, updated_at) VALUES ('PRV-3C68', 'secrets_vault.audit.read', 'View Secret Access Audit', 'SEC-PLAT', NULL, NULL, NULL, false, 0, '2026-04-25 07:27:05.323767', '2026-04-25 07:27:05.323767');
INSERT INTO public.privileges_v2 (id, privilege_code, privilege_label, section_id, fe_route_config, be_route_config, icon, visible_in_menu, seq_number, created_at, updated_at) VALUES ('PRV-C233', 'secrets_vault.db.seed.system-min', 'Seed Secrets Vault minimal data', 'SEC-PLAT', NULL, NULL, NULL, false, 0, '2026-04-25 07:27:05.328231', '2026-04-25 07:27:05.328231');
INSERT INTO public.privileges_v2 (id, privilege_code, privilege_label, section_id, fe_route_config, be_route_config, icon, visible_in_menu, seq_number, created_at, updated_at) VALUES ('PRV-07D2', 'platform.secrets.manage', 'Platform Secrets Superadmin (cross-module)', 'SEC-PLAT', NULL, NULL, NULL, false, 0, '2026-04-25 07:27:05.333113', '2026-04-25 07:27:05.333113');
INSERT INTO public.privileges_v2 (id, privilege_code, privilege_label, section_id, fe_route_config, be_route_config, icon, visible_in_menu, seq_number, created_at, updated_at) VALUES ('PRV-815C', 'file_storage.file.read', 'List and view file metadata', 'SEC-PLAT', NULL, NULL, NULL, false, 0, '2026-04-25 07:27:06.125082', '2026-04-25 07:27:06.125082');
INSERT INTO public.privileges_v2 (id, privilege_code, privilege_label, section_id, fe_route_config, be_route_config, icon, visible_in_menu, seq_number, created_at, updated_at) VALUES ('PRV-965B', 'file_storage.file.upload', 'Upload new files', 'SEC-PLAT', NULL, NULL, NULL, false, 0, '2026-04-25 07:27:06.139499', '2026-04-25 07:27:06.139499');
INSERT INTO public.privileges_v2 (id, privilege_code, privilege_label, section_id, fe_route_config, be_route_config, icon, visible_in_menu, seq_number, created_at, updated_at) VALUES ('PRV-0F3D', 'file_storage.file.download', 'Download file contents', 'SEC-PLAT', NULL, NULL, NULL, false, 0, '2026-04-25 07:27:06.14622', '2026-04-25 07:27:06.14622');
INSERT INTO public.privileges_v2 (id, privilege_code, privilege_label, section_id, fe_route_config, be_route_config, icon, visible_in_menu, seq_number, created_at, updated_at) VALUES ('PRV-2854', 'file_storage.file.delete', 'Delete (soft) a file', 'SEC-PLAT', NULL, NULL, NULL, false, 0, '2026-04-25 07:27:06.15933', '2026-04-25 07:27:06.15933');
INSERT INTO public.privileges_v2 (id, privilege_code, privilege_label, section_id, fe_route_config, be_route_config, icon, visible_in_menu, seq_number, created_at, updated_at) VALUES ('PRV-5F27', 'file_storage.file.manage', 'Rename, retag, and change access policy on a file', 'SEC-PLAT', NULL, NULL, NULL, false, 0, '2026-04-25 07:27:06.181915', '2026-04-25 07:27:06.181915');
INSERT INTO public.privileges_v2 (id, privilege_code, privilege_label, section_id, fe_route_config, be_route_config, icon, visible_in_menu, seq_number, created_at, updated_at) VALUES ('PRV-5F57', 'file_storage.grant.read', 'Read access grants on a file', 'SEC-PLAT', NULL, NULL, NULL, false, 0, '2026-04-25 07:27:06.191374', '2026-04-25 07:27:06.191374');
INSERT INTO public.privileges_v2 (id, privilege_code, privilege_label, section_id, fe_route_config, be_route_config, icon, visible_in_menu, seq_number, created_at, updated_at) VALUES ('PRV-B0CB', 'file_storage.grant.manage', 'Create and revoke access grants', 'SEC-PLAT', NULL, NULL, NULL, false, 0, '2026-04-25 07:27:06.211194', '2026-04-25 07:27:06.211194');
INSERT INTO public.privileges_v2 (id, privilege_code, privilege_label, section_id, fe_route_config, be_route_config, icon, visible_in_menu, seq_number, created_at, updated_at) VALUES ('PRV-4098', 'file_storage.access_log.read', 'Read the file access log', 'SEC-PLAT', NULL, NULL, NULL, false, 0, '2026-04-25 07:27:06.22297', '2026-04-25 07:27:06.22297');
INSERT INTO public.privileges_v2 (id, privilege_code, privilege_label, section_id, fe_route_config, be_route_config, icon, visible_in_menu, seq_number, created_at, updated_at) VALUES ('PRV-3144', 'file_storage.setup.admin', 'Administer File Storage setup and seeds', 'SEC-PLAT', NULL, NULL, NULL, false, 0, '2026-04-25 07:27:06.23891', '2026-04-25 07:27:06.23891');
INSERT INTO public.privileges_v2 (id, privilege_code, privilege_label, section_id, fe_route_config, be_route_config, icon, visible_in_menu, seq_number, created_at, updated_at) VALUES ('PRV-A1F1', 'deployment.request.apply', 'Apply Approved Deployment (Applier)', 'SEC-PLAT', NULL, NULL, NULL, false, 0, '2026-04-25 07:27:06.687229', '2026-04-25 07:27:06.687229');
INSERT INTO public.privileges_v2 (id, privilege_code, privilege_label, section_id, fe_route_config, be_route_config, icon, visible_in_menu, seq_number, created_at, updated_at) VALUES ('PRV-3EDF', 'deployment.request.rollback', 'Rollback Applied Deployment', 'SEC-PLAT', NULL, NULL, NULL, false, 0, '2026-04-25 07:27:06.697652', '2026-04-25 07:27:06.697652');
INSERT INTO public.privileges_v2 (id, privilege_code, privilege_label, section_id, fe_route_config, be_route_config, icon, visible_in_menu, seq_number, created_at, updated_at) VALUES ('PRV-5BA7', 'deployment.event.read', 'View Audit Timeline', 'SEC-PLAT', NULL, NULL, NULL, false, 0, '2026-04-25 07:27:06.705027', '2026-04-25 07:27:06.705027');
INSERT INTO public.privileges_v2 (id, privilege_code, privilege_label, section_id, fe_route_config, be_route_config, icon, visible_in_menu, seq_number, created_at, updated_at) VALUES ('PRV-2D99', 'deployment.db.seed.system-min', 'Seed Deployment Registry minimal data', 'SEC-PLAT', NULL, NULL, NULL, false, 0, '2026-04-25 07:27:06.715128', '2026-04-25 07:27:06.715128');
INSERT INTO public.privileges_v2 (id, privilege_code, privilege_label, section_id, fe_route_config, be_route_config, icon, visible_in_menu, seq_number, created_at, updated_at) VALUES ('PRV-00BF', 'commissions.view', 'View Commissions module', 'SEC-PLAT', NULL, NULL, NULL, false, 0, '2026-04-25 07:27:07.545784', '2026-04-25 07:27:07.545784');
INSERT INTO public.privileges_v2 (id, privilege_code, privilege_label, section_id, fe_route_config, be_route_config, icon, visible_in_menu, seq_number, created_at, updated_at) VALUES ('PRV-8533', 'commissions.rule.read', 'Read Commission Rules', 'SEC-PLAT', NULL, NULL, NULL, false, 0, '2026-04-25 07:27:07.563067', '2026-04-25 07:27:07.563067');
INSERT INTO public.privileges_v2 (id, privilege_code, privilege_label, section_id, fe_route_config, be_route_config, icon, visible_in_menu, seq_number, created_at, updated_at) VALUES ('PRV-8539', 'commissions.rule.manage', 'Create/Update/Delete Commission Rules', 'SEC-PLAT', NULL, NULL, NULL, false, 0, '2026-04-25 07:27:07.575152', '2026-04-25 07:27:07.575152');
INSERT INTO public.privileges_v2 (id, privilege_code, privilege_label, section_id, fe_route_config, be_route_config, icon, visible_in_menu, seq_number, created_at, updated_at) VALUES ('PRV-C2A5', 'commissions.ledger.read', 'Read Commission Ledger', 'SEC-PLAT', NULL, NULL, NULL, false, 0, '2026-04-25 07:27:07.580519', '2026-04-25 07:27:07.580519');
INSERT INTO public.privileges_v2 (id, privilege_code, privilege_label, section_id, fe_route_config, be_route_config, icon, visible_in_menu, seq_number, created_at, updated_at) VALUES ('PRV-836F', 'commissions.ledger.manage', 'Create/Update/Delete Commission Ledger entries', 'SEC-PLAT', NULL, NULL, NULL, false, 0, '2026-04-25 07:27:07.594407', '2026-04-25 07:27:07.594407');
INSERT INTO public.privileges_v2 (id, privilege_code, privilege_label, section_id, fe_route_config, be_route_config, icon, visible_in_menu, seq_number, created_at, updated_at) VALUES ('PRV-BBC7', 'commissions.reports.view', 'View commission summary reports', 'SEC-PLAT', NULL, NULL, NULL, false, 0, '2026-04-25 07:27:07.629863', '2026-04-25 07:27:07.629863');
INSERT INTO public.privileges_v2 (id, privilege_code, privilege_label, section_id, fe_route_config, be_route_config, icon, visible_in_menu, seq_number, created_at, updated_at) VALUES ('PRV-2B32', 'commissions.setup.admin', 'Administer Commissions setup and seeds', 'SEC-PLAT', NULL, NULL, NULL, false, 0, '2026-04-25 07:27:07.641268', '2026-04-25 07:27:07.641268');
INSERT INTO public.privileges_v2 (id, privilege_code, privilege_label, section_id, fe_route_config, be_route_config, icon, visible_in_menu, seq_number, created_at, updated_at) VALUES ('PRV-EC45', 'hi_sme_quotation.view', 'View HI SME Quotation module', 'SEC-PLAT', NULL, NULL, NULL, false, 0, '2026-04-25 07:27:09.2572', '2026-04-25 07:27:09.2572');
INSERT INTO public.privileges_v2 (id, privilege_code, privilege_label, section_id, fe_route_config, be_route_config, icon, visible_in_menu, seq_number, created_at, updated_at) VALUES ('PRV-3692', 'hi_sme_quotation.client.read', 'Read SME clients', 'SEC-PLAT', NULL, NULL, NULL, false, 0, '2026-04-25 07:27:09.268192', '2026-04-25 07:27:09.268192');
INSERT INTO public.privileges_v2 (id, privilege_code, privilege_label, section_id, fe_route_config, be_route_config, icon, visible_in_menu, seq_number, created_at, updated_at) VALUES ('PRV-9C7A', 'hi_sme_quotation.client.manage', 'Create/Update/Delete SME clients', 'SEC-PLAT', NULL, NULL, NULL, false, 0, '2026-04-25 07:27:09.275273', '2026-04-25 07:27:09.275273');
INSERT INTO public.privileges_v2 (id, privilege_code, privilege_label, section_id, fe_route_config, be_route_config, icon, visible_in_menu, seq_number, created_at, updated_at) VALUES ('PRV-5CFB', 'hi_sme_quotation.census.read', 'Read bulk censuses and members', 'SEC-PLAT', NULL, NULL, NULL, false, 0, '2026-04-25 07:27:09.280391', '2026-04-25 07:27:09.280391');
INSERT INTO public.privileges_v2 (id, privilege_code, privilege_label, section_id, fe_route_config, be_route_config, icon, visible_in_menu, seq_number, created_at, updated_at) VALUES ('PRV-B28B', 'hi_sme_quotation.census.manage', 'Create/Update/Delete bulk censuses and members', 'SEC-PLAT', NULL, NULL, NULL, false, 0, '2026-04-25 07:27:09.286677', '2026-04-25 07:27:09.286677');
INSERT INTO public.privileges_v2 (id, privilege_code, privilege_label, section_id, fe_route_config, be_route_config, icon, visible_in_menu, seq_number, created_at, updated_at) VALUES ('PRV-51DC', 'hi_sme_quotation.census.upload', 'Upload new bulk census rosters', 'SEC-PLAT', NULL, NULL, NULL, false, 0, '2026-04-25 07:27:09.291796', '2026-04-25 07:27:09.291796');
INSERT INTO public.privileges_v2 (id, privilege_code, privilege_label, section_id, fe_route_config, be_route_config, icon, visible_in_menu, seq_number, created_at, updated_at) VALUES ('PRV-8236', 'hi_sme_quotation.quotation.read', 'Read SME quotations', 'SEC-PLAT', NULL, NULL, NULL, false, 0, '2026-04-25 07:27:09.296591', '2026-04-25 07:27:09.296591');
INSERT INTO public.privileges_v2 (id, privilege_code, privilege_label, section_id, fe_route_config, be_route_config, icon, visible_in_menu, seq_number, created_at, updated_at) VALUES ('PRV-58EE', 'hi_sme_quotation.quotation.create', 'Create SME quotations', 'SEC-PLAT', NULL, NULL, NULL, false, 0, '2026-04-25 07:27:09.300914', '2026-04-25 07:27:09.300914');
INSERT INTO public.privileges_v2 (id, privilege_code, privilege_label, section_id, fe_route_config, be_route_config, icon, visible_in_menu, seq_number, created_at, updated_at) VALUES ('PRV-4D01', 'hi_sme_quotation.quotation.manage', 'Update/Delete SME quotations and compute pricing', 'SEC-PLAT', NULL, NULL, NULL, false, 0, '2026-04-25 07:27:09.305445', '2026-04-25 07:27:09.305445');
INSERT INTO public.privileges_v2 (id, privilege_code, privilege_label, section_id, fe_route_config, be_route_config, icon, visible_in_menu, seq_number, created_at, updated_at) VALUES ('PRV-C2C4', 'hi_sme_quotation.quotation.bind', 'Bind a quotation (terminal success)', 'SEC-PLAT', NULL, NULL, NULL, false, 0, '2026-04-25 07:27:09.309928', '2026-04-25 07:27:09.309928');
INSERT INTO public.privileges_v2 (id, privilege_code, privilege_label, section_id, fe_route_config, be_route_config, icon, visible_in_menu, seq_number, created_at, updated_at) VALUES ('PRV-2231', 'hi_sme_quotation.setup.admin', 'Administer HI SME Quotation setup and seeds', 'SEC-PLAT', NULL, NULL, NULL, false, 0, '2026-04-25 07:27:09.314859', '2026-04-25 07:27:09.314859');
INSERT INTO public.privileges_v2 (id, privilege_code, privilege_label, section_id, fe_route_config, be_route_config, icon, visible_in_menu, seq_number, created_at, updated_at) VALUES ('PRV-583F', 'hi_retail_quotation.view', 'View HI Retail Quotation module', 'SEC-PLAT', NULL, NULL, NULL, false, 0, '2026-04-25 07:27:09.433591', '2026-04-25 07:27:09.433591');
INSERT INTO public.privileges_v2 (id, privilege_code, privilege_label, section_id, fe_route_config, be_route_config, icon, visible_in_menu, seq_number, created_at, updated_at) VALUES ('PRV-7F94', 'hi_retail_quotation.proposer.read', 'Read retail proposers and members', 'SEC-PLAT', NULL, NULL, NULL, false, 0, '2026-04-25 07:27:09.439483', '2026-04-25 07:27:09.439483');
INSERT INTO public.privileges_v2 (id, privilege_code, privilege_label, section_id, fe_route_config, be_route_config, icon, visible_in_menu, seq_number, created_at, updated_at) VALUES ('PRV-7D33', 'hi_retail_quotation.proposer.manage', 'Create/Update/Delete retail proposers and members', 'SEC-PLAT', NULL, NULL, NULL, false, 0, '2026-04-25 07:27:09.451289', '2026-04-25 07:27:09.451289');
INSERT INTO public.privileges_v2 (id, privilege_code, privilege_label, section_id, fe_route_config, be_route_config, icon, visible_in_menu, seq_number, created_at, updated_at) VALUES ('PRV-2257', 'hi_retail_quotation.quotation.read', 'Read all retail quotations', 'SEC-PLAT', NULL, NULL, NULL, false, 0, '2026-04-25 07:27:09.464114', '2026-04-25 07:27:09.464114');
INSERT INTO public.privileges_v2 (id, privilege_code, privilege_label, section_id, fe_route_config, be_route_config, icon, visible_in_menu, seq_number, created_at, updated_at) VALUES ('PRV-AB18', 'hi_retail_quotation.quotation.own_only', 'Read only self-authored quotations (agent mode)', 'SEC-PLAT', NULL, NULL, NULL, false, 0, '2026-04-25 07:27:09.473404', '2026-04-25 07:27:09.473404');
INSERT INTO public.privileges_v2 (id, privilege_code, privilege_label, section_id, fe_route_config, be_route_config, icon, visible_in_menu, seq_number, created_at, updated_at) VALUES ('PRV-1ADF', 'hi_retail_quotation.quotation.create', 'Create retail quotations', 'SEC-PLAT', NULL, NULL, NULL, false, 0, '2026-04-25 07:27:09.478313', '2026-04-25 07:27:09.478313');
INSERT INTO public.privileges_v2 (id, privilege_code, privilege_label, section_id, fe_route_config, be_route_config, icon, visible_in_menu, seq_number, created_at, updated_at) VALUES ('PRV-2CB5', 'hi_retail_quotation.quotation.manage', 'Update/Delete retail quotations', 'SEC-PLAT', NULL, NULL, NULL, false, 0, '2026-04-25 07:27:09.483563', '2026-04-25 07:27:09.483563');
INSERT INTO public.privileges_v2 (id, privilege_code, privilege_label, section_id, fe_route_config, be_route_config, icon, visible_in_menu, seq_number, created_at, updated_at) VALUES ('PRV-C70B', 'hi_retail_quotation.quotation.issue', 'Transition quotation to issued (terminal)', 'SEC-PLAT', NULL, NULL, NULL, false, 0, '2026-04-25 07:27:09.488091', '2026-04-25 07:27:09.488091');
INSERT INTO public.privileges_v2 (id, privilege_code, privilege_label, section_id, fe_route_config, be_route_config, icon, visible_in_menu, seq_number, created_at, updated_at) VALUES ('PRV-2CAD', 'hi_retail_quotation.setup.admin', 'Administer HI Retail Quotation setup and seeds', 'SEC-PLAT', NULL, NULL, NULL, false, 0, '2026-04-25 07:27:09.492552', '2026-04-25 07:27:09.492552');
INSERT INTO public.privileges_v2 (id, privilege_code, privilege_label, section_id, fe_route_config, be_route_config, icon, visible_in_menu, seq_number, created_at, updated_at) VALUES ('PRV-39BD', 'seeder.run', 'Trigger seed runs', 'SEC-PLAT', NULL, NULL, NULL, false, 0, '2026-04-25 07:27:10.349233', '2026-04-25 07:27:10.349233');
INSERT INTO public.privileges_v2 (id, privilege_code, privilege_label, section_id, fe_route_config, be_route_config, icon, visible_in_menu, seq_number, created_at, updated_at) VALUES ('PRV-CD7E', 'seeder.run.system-min', 'Run system-min seed', 'SEC-PLAT', NULL, NULL, NULL, false, 0, '2026-04-25 07:27:10.358084', '2026-04-25 07:27:10.358084');
INSERT INTO public.privileges_v2 (id, privilege_code, privilege_label, section_id, fe_route_config, be_route_config, icon, visible_in_menu, seq_number, created_at, updated_at) VALUES ('PRV-12CB', 'seeder.run.demo', 'Run demo seed', 'SEC-PLAT', NULL, NULL, NULL, false, 0, '2026-04-25 07:27:10.365558', '2026-04-25 07:27:10.365558');
INSERT INTO public.privileges_v2 (id, privilege_code, privilege_label, section_id, fe_route_config, be_route_config, icon, visible_in_menu, seq_number, created_at, updated_at) VALUES ('PRV-2BD4', 'seeder.run.demo.delete', 'Delete demo data (DEMO- prefixed)', 'SEC-PLAT', NULL, NULL, NULL, false, 0, '2026-04-25 07:27:10.371424', '2026-04-25 07:27:10.371424');
INSERT INTO public.privileges_v2 (id, privilege_code, privilege_label, section_id, fe_route_config, be_route_config, icon, visible_in_menu, seq_number, created_at, updated_at) VALUES ('PRV-F9D5', 'seeder.runs.read', 'View seed run history', 'SEC-PLAT', NULL, NULL, NULL, false, 0, '2026-04-25 07:27:10.379353', '2026-04-25 07:27:10.379353');
INSERT INTO public.privileges_v2 (id, privilege_code, privilege_label, section_id, fe_route_config, be_route_config, icon, visible_in_menu, seq_number, created_at, updated_at) VALUES ('PRV-8ECD', 'seeder.stream.subscribe', 'Subscribe to SSE seed stream', 'SEC-PLAT', NULL, NULL, NULL, false, 0, '2026-04-25 07:27:10.386731', '2026-04-25 07:27:10.386731');
INSERT INTO public.privileges_v2 (id, privilege_code, privilege_label, section_id, fe_route_config, be_route_config, icon, visible_in_menu, seq_number, created_at, updated_at) VALUES ('PRV-F021', 'seeder.guide.read', 'View Seeder Guide', 'SEC-PLAT', NULL, NULL, NULL, false, 0, '2026-04-25 07:27:10.39509', '2026-04-25 07:27:10.39509');
INSERT INTO public.privileges_v2 (id, privilege_code, privilege_label, section_id, fe_route_config, be_route_config, icon, visible_in_menu, seq_number, created_at, updated_at) VALUES ('PRV-2344', 'seeder.db.seed.system-min', 'Seed Seeder''s own minimal data', 'SEC-PLAT', NULL, NULL, NULL, false, 0, '2026-04-25 07:27:10.399788', '2026-04-25 07:27:10.399788');
INSERT INTO public.privileges_v2 (id, privilege_code, privilege_label, section_id, fe_route_config, be_route_config, icon, visible_in_menu, seq_number, created_at, updated_at) VALUES ('PRV-C307', 'seeder.bundles.read', 'Read seed bundles + factor catalog', 'SEC-PLAT', NULL, NULL, NULL, false, 0, '2026-04-25 07:27:10.404489', '2026-04-25 07:27:10.404489');
INSERT INTO public.privileges_v2 (id, privilege_code, privilege_label, section_id, fe_route_config, be_route_config, icon, visible_in_menu, seq_number, created_at, updated_at) VALUES ('PRV-C833', 'seeder.bundles.write', 'Create / edit / delete seed bundles', 'SEC-PLAT', NULL, NULL, NULL, false, 0, '2026-04-25 07:27:10.411435', '2026-04-25 07:27:10.411435');
INSERT INTO public.privileges_v2 (id, privilege_code, privilege_label, section_id, fe_route_config, be_route_config, icon, visible_in_menu, seq_number, created_at, updated_at) VALUES ('PRV-BC20', 'seeder.bundles.run', 'Execute a seed bundle against module APIs', 'SEC-PLAT', NULL, NULL, NULL, false, 0, '2026-04-25 07:27:10.416197', '2026-04-25 07:27:10.416197');
INSERT INTO public.privileges_v2 (id, privilege_code, privilege_label, section_id, fe_route_config, be_route_config, icon, visible_in_menu, seq_number, created_at, updated_at) VALUES ('PRV-7083', 'product_pricing.view', 'View Product Pricing module', 'SEC-PLAT', NULL, NULL, NULL, false, 0, '2026-04-25 07:27:10.41631', '2026-04-25 07:27:10.41631');
INSERT INTO public.privileges_v2 (id, privilege_code, privilege_label, section_id, fe_route_config, be_route_config, icon, visible_in_menu, seq_number, created_at, updated_at) VALUES ('PRV-7464', 'product_pricing.rate_card.read', 'Read Rate Cards', 'SEC-PLAT', NULL, NULL, NULL, false, 0, '2026-04-25 07:27:10.425756', '2026-04-25 07:27:10.425756');
INSERT INTO public.privileges_v2 (id, privilege_code, privilege_label, section_id, fe_route_config, be_route_config, icon, visible_in_menu, seq_number, created_at, updated_at) VALUES ('PRV-95E8', 'product_pricing.rate_card.manage', 'Create/Update/Delete Rate Cards', 'SEC-PLAT', NULL, NULL, NULL, false, 0, '2026-04-25 07:27:10.431762', '2026-04-25 07:27:10.431762');
INSERT INTO public.privileges_v2 (id, privilege_code, privilege_label, section_id, fe_route_config, be_route_config, icon, visible_in_menu, seq_number, created_at, updated_at) VALUES ('PRV-B713', 'seeder.bundles.deliver', 'Deliver a seed bundle into a module''s seed directory', 'SEC-PLAT', NULL, NULL, NULL, false, 0, '2026-04-25 07:27:10.436011', '2026-04-25 07:27:10.436011');
INSERT INTO public.privileges_v2 (id, privilege_code, privilege_label, section_id, fe_route_config, be_route_config, icon, visible_in_menu, seq_number, created_at, updated_at) VALUES ('PRV-8AE7', 'product_pricing.price_tier.read', 'Read Price Tiers', 'SEC-PLAT', NULL, NULL, NULL, false, 0, '2026-04-25 07:27:10.439351', '2026-04-25 07:27:10.439351');
INSERT INTO public.privileges_v2 (id, privilege_code, privilege_label, section_id, fe_route_config, be_route_config, icon, visible_in_menu, seq_number, created_at, updated_at) VALUES ('PRV-C548', 'product_pricing.price_tier.manage', 'Create/Update/Delete Price Tiers', 'SEC-PLAT', NULL, NULL, NULL, false, 0, '2026-04-25 07:27:10.445095', '2026-04-25 07:27:10.445095');
INSERT INTO public.privileges_v2 (id, privilege_code, privilege_label, section_id, fe_route_config, be_route_config, icon, visible_in_menu, seq_number, created_at, updated_at) VALUES ('PRV-9D38', 'product_pricing.setup.admin', 'Administer Product Pricing setup and seeds', 'SEC-PLAT', NULL, NULL, NULL, false, 0, '2026-04-25 07:27:10.45049', '2026-04-25 07:27:10.45049');
INSERT INTO public.privileges_v2 (id, privilege_code, privilege_label, section_id, fe_route_config, be_route_config, icon, visible_in_menu, seq_number, created_at, updated_at) VALUES ('PRV-076F', 'broker.view', 'View Broker module', 'SEC-PLAT', NULL, NULL, NULL, false, 0, '2026-04-25 07:27:12.696981', '2026-04-25 07:27:12.696981');
INSERT INTO public.privileges_v2 (id, privilege_code, privilege_label, section_id, fe_route_config, be_route_config, icon, visible_in_menu, seq_number, created_at, updated_at) VALUES ('PRV-5A7A', 'broker.org.read', 'Read Broker Organizations', 'SEC-PLAT', NULL, NULL, NULL, false, 0, '2026-04-25 07:27:12.704892', '2026-04-25 07:27:12.704892');
INSERT INTO public.privileges_v2 (id, privilege_code, privilege_label, section_id, fe_route_config, be_route_config, icon, visible_in_menu, seq_number, created_at, updated_at) VALUES ('PRV-AC67', 'broker.org.manage', 'Create/Update/Delete Broker Organizations', 'SEC-PLAT', NULL, NULL, NULL, false, 0, '2026-04-25 07:27:12.710439', '2026-04-25 07:27:12.710439');
INSERT INTO public.privileges_v2 (id, privilege_code, privilege_label, section_id, fe_route_config, be_route_config, icon, visible_in_menu, seq_number, created_at, updated_at) VALUES ('PRV-2763', 'broker.employee.read', 'Read Broker Employees', 'SEC-PLAT', NULL, NULL, NULL, false, 0, '2026-04-25 07:27:12.7158', '2026-04-25 07:27:12.7158');
INSERT INTO public.privileges_v2 (id, privilege_code, privilege_label, section_id, fe_route_config, be_route_config, icon, visible_in_menu, seq_number, created_at, updated_at) VALUES ('PRV-CF9C', 'broker.employee.manage', 'Create/Update/Delete Broker Employees', 'SEC-PLAT', NULL, NULL, NULL, false, 0, '2026-04-25 07:27:12.721357', '2026-04-25 07:27:12.721357');
INSERT INTO public.privileges_v2 (id, privilege_code, privilege_label, section_id, fe_route_config, be_route_config, icon, visible_in_menu, seq_number, created_at, updated_at) VALUES ('PRV-0165', 'broker.commissions.view', 'View broker commissions (RO from slice_of_pie)', 'SEC-PLAT', NULL, NULL, NULL, false, 0, '2026-04-25 07:27:12.726683', '2026-04-25 07:27:12.726683');
INSERT INTO public.privileges_v2 (id, privilege_code, privilege_label, section_id, fe_route_config, be_route_config, icon, visible_in_menu, seq_number, created_at, updated_at) VALUES ('PRV-E613', 'broker.setup.admin', 'Administer Broker setup and seeds', 'SEC-PLAT', NULL, NULL, NULL, false, 0, '2026-04-25 07:27:12.731814', '2026-04-25 07:27:12.731814');
INSERT INTO public.privileges_v2 (id, privilege_code, privilege_label, section_id, fe_route_config, be_route_config, icon, visible_in_menu, seq_number, created_at, updated_at) VALUES ('PRV-100', 'ai.admin.models', 'ai.admin.models', 'SEC-PLAT', '', '', 'shield', false, 0, '2026-04-25 12:54:21.718433', '2026-04-25 12:54:21.718433');
INSERT INTO public.privileges_v2 (id, privilege_code, privilege_label, section_id, fe_route_config, be_route_config, icon, visible_in_menu, seq_number, created_at, updated_at) VALUES ('PRV-101', 'ai.admin.ratelimits', 'ai.admin.ratelimits', 'SEC-PLAT', '', '', 'shield', false, 0, '2026-04-25 12:54:21.940321', '2026-04-25 12:54:21.940321');
INSERT INTO public.privileges_v2 (id, privilege_code, privilege_label, section_id, fe_route_config, be_route_config, icon, visible_in_menu, seq_number, created_at, updated_at) VALUES ('PRV-143', 'customer.create', 'customer.create', 'SEC-PLAT', '', '', 'shield', false, 0, '2026-04-25 12:54:29.173069', '2026-04-25 12:54:29.173069');
INSERT INTO public.privileges_v2 (id, privilege_code, privilege_label, section_id, fe_route_config, be_route_config, icon, visible_in_menu, seq_number, created_at, updated_at) VALUES ('PRV-144', 'customer.delete', 'customer.delete', 'SEC-PLAT', '', '', 'shield', false, 0, '2026-04-25 12:54:29.358232', '2026-04-25 12:54:29.358232');
INSERT INTO public.privileges_v2 (id, privilege_code, privilege_label, section_id, fe_route_config, be_route_config, icon, visible_in_menu, seq_number, created_at, updated_at) VALUES ('PRV-162', 'file_viewer.view', 'file_viewer.view', 'SEC-PLAT', '', '', 'shield', false, 0, '2026-04-25 12:54:32.59959', '2026-04-25 12:54:32.59959');
INSERT INTO public.privileges_v2 (id, privilege_code, privilege_label, section_id, fe_route_config, be_route_config, icon, visible_in_menu, seq_number, created_at, updated_at) VALUES ('PRV-181', 'hidecisioning.evaluations.execute', 'hidecisioning.evaluations.execute', 'SEC-PLAT', '', '', 'shield', false, 0, '2026-04-25 12:54:35.681405', '2026-04-25 12:54:35.681405');
INSERT INTO public.privileges_v2 (id, privilege_code, privilege_label, section_id, fe_route_config, be_route_config, icon, visible_in_menu, seq_number, created_at, updated_at) VALUES ('PRV-182', 'hidecisioning.evaluations.read', 'hidecisioning.evaluations.read', 'SEC-PLAT', '', '', 'shield', false, 0, '2026-04-25 12:54:35.844963', '2026-04-25 12:54:35.844963');
INSERT INTO public.privileges_v2 (id, privilege_code, privilege_label, section_id, fe_route_config, be_route_config, icon, visible_in_menu, seq_number, created_at, updated_at) VALUES ('PRV-183', 'hidecisioning.fields.read', 'hidecisioning.fields.read', 'SEC-PLAT', '', '', 'shield', false, 0, '2026-04-25 12:54:36.032696', '2026-04-25 12:54:36.032696');
INSERT INTO public.privileges_v2 (id, privilege_code, privilege_label, section_id, fe_route_config, be_route_config, icon, visible_in_menu, seq_number, created_at, updated_at) VALUES ('PRV-184', 'hidecisioning.loadingtables.create', 'hidecisioning.loadingtables.create', 'SEC-PLAT', '', '', 'shield', false, 0, '2026-04-25 12:54:36.18575', '2026-04-25 12:54:36.18575');
INSERT INTO public.privileges_v2 (id, privilege_code, privilege_label, section_id, fe_route_config, be_route_config, icon, visible_in_menu, seq_number, created_at, updated_at) VALUES ('PRV-185', 'hidecisioning.loadingtables.delete', 'hidecisioning.loadingtables.delete', 'SEC-PLAT', '', '', 'shield', false, 0, '2026-04-25 12:54:36.357739', '2026-04-25 12:54:36.357739');
INSERT INTO public.privileges_v2 (id, privilege_code, privilege_label, section_id, fe_route_config, be_route_config, icon, visible_in_menu, seq_number, created_at, updated_at) VALUES ('PRV-186', 'hidecisioning.loadingtables.read', 'hidecisioning.loadingtables.read', 'SEC-PLAT', '', '', 'shield', false, 0, '2026-04-25 12:54:36.561872', '2026-04-25 12:54:36.561872');
INSERT INTO public.privileges_v2 (id, privilege_code, privilege_label, section_id, fe_route_config, be_route_config, icon, visible_in_menu, seq_number, created_at, updated_at) VALUES ('PRV-187', 'hidecisioning.loadingtables.update', 'hidecisioning.loadingtables.update', 'SEC-PLAT', '', '', 'shield', false, 0, '2026-04-25 12:54:36.766423', '2026-04-25 12:54:36.766423');
INSERT INTO public.privileges_v2 (id, privilege_code, privilege_label, section_id, fe_route_config, be_route_config, icon, visible_in_menu, seq_number, created_at, updated_at) VALUES ('PRV-188', 'hidecisioning.rules.create', 'hidecisioning.rules.create', 'SEC-PLAT', '', '', 'shield', false, 0, '2026-04-25 12:54:37.007047', '2026-04-25 12:54:37.007047');
INSERT INTO public.privileges_v2 (id, privilege_code, privilege_label, section_id, fe_route_config, be_route_config, icon, visible_in_menu, seq_number, created_at, updated_at) VALUES ('PRV-189', 'hidecisioning.rules.delete', 'hidecisioning.rules.delete', 'SEC-PLAT', '', '', 'shield', false, 0, '2026-04-25 12:54:37.137329', '2026-04-25 12:54:37.137329');
INSERT INTO public.privileges_v2 (id, privilege_code, privilege_label, section_id, fe_route_config, be_route_config, icon, visible_in_menu, seq_number, created_at, updated_at) VALUES ('PRV-190', 'hidecisioning.rules.read', 'hidecisioning.rules.read', 'SEC-PLAT', '', '', 'shield', false, 0, '2026-04-25 12:54:37.277934', '2026-04-25 12:54:37.277934');
INSERT INTO public.privileges_v2 (id, privilege_code, privilege_label, section_id, fe_route_config, be_route_config, icon, visible_in_menu, seq_number, created_at, updated_at) VALUES ('PRV-191', 'hidecisioning.rules.update', 'hidecisioning.rules.update', 'SEC-PLAT', '', '', 'shield', false, 0, '2026-04-25 12:54:37.446488', '2026-04-25 12:54:37.446488');
INSERT INTO public.privileges_v2 (id, privilege_code, privilege_label, section_id, fe_route_config, be_route_config, icon, visible_in_menu, seq_number, created_at, updated_at) VALUES ('PRV-192', 'hidecisioning.stpcriteria.create', 'hidecisioning.stpcriteria.create', 'SEC-PLAT', '', '', 'shield', false, 0, '2026-04-25 12:54:37.575869', '2026-04-25 12:54:37.575869');
INSERT INTO public.privileges_v2 (id, privilege_code, privilege_label, section_id, fe_route_config, be_route_config, icon, visible_in_menu, seq_number, created_at, updated_at) VALUES ('PRV-193', 'hidecisioning.stpcriteria.delete', 'hidecisioning.stpcriteria.delete', 'SEC-PLAT', '', '', 'shield', false, 0, '2026-04-25 12:54:37.748787', '2026-04-25 12:54:37.748787');
INSERT INTO public.privileges_v2 (id, privilege_code, privilege_label, section_id, fe_route_config, be_route_config, icon, visible_in_menu, seq_number, created_at, updated_at) VALUES ('PRV-194', 'hidecisioning.stpcriteria.read', 'hidecisioning.stpcriteria.read', 'SEC-PLAT', '', '', 'shield', false, 0, '2026-04-25 12:54:37.888605', '2026-04-25 12:54:37.888605');
INSERT INTO public.privileges_v2 (id, privilege_code, privilege_label, section_id, fe_route_config, be_route_config, icon, visible_in_menu, seq_number, created_at, updated_at) VALUES ('PRV-195', 'hidecisioning.stpcriteria.update', 'hidecisioning.stpcriteria.update', 'SEC-PLAT', '', '', 'shield', false, 0, '2026-04-25 12:54:38.058607', '2026-04-25 12:54:38.058607');
INSERT INTO public.privileges_v2 (id, privilege_code, privilege_label, section_id, fe_route_config, be_route_config, icon, visible_in_menu, seq_number, created_at, updated_at) VALUES ('PRV-196', 'hiquotation.analytics.read', 'hiquotation.analytics.read', 'SEC-PLAT', '', '', 'shield', false, 0, '2026-04-25 12:54:38.245799', '2026-04-25 12:54:38.245799');
INSERT INTO public.privileges_v2 (id, privilege_code, privilege_label, section_id, fe_route_config, be_route_config, icon, visible_in_menu, seq_number, created_at, updated_at) VALUES ('PRV-197', 'hiquotation.documents.create', 'hiquotation.documents.create', 'SEC-PLAT', '', '', 'shield', false, 0, '2026-04-25 12:54:38.447953', '2026-04-25 12:54:38.447953');
INSERT INTO public.privileges_v2 (id, privilege_code, privilege_label, section_id, fe_route_config, be_route_config, icon, visible_in_menu, seq_number, created_at, updated_at) VALUES ('PRV-198', 'hiquotation.documents.read', 'hiquotation.documents.read', 'SEC-PLAT', '', '', 'shield', false, 0, '2026-04-25 12:54:38.618529', '2026-04-25 12:54:38.618529');
INSERT INTO public.privileges_v2 (id, privilege_code, privilege_label, section_id, fe_route_config, be_route_config, icon, visible_in_menu, seq_number, created_at, updated_at) VALUES ('PRV-199', 'hiquotation.leads.create', 'hiquotation.leads.create', 'SEC-PLAT', '', '', 'shield', false, 0, '2026-04-25 12:54:38.793499', '2026-04-25 12:54:38.793499');
INSERT INTO public.privileges_v2 (id, privilege_code, privilege_label, section_id, fe_route_config, be_route_config, icon, visible_in_menu, seq_number, created_at, updated_at) VALUES ('PRV-200', 'hiquotation.mafquestions.create', 'hiquotation.mafquestions.create', 'SEC-PLAT', '', '', 'shield', false, 0, '2026-04-25 12:54:38.924535', '2026-04-25 12:54:38.924535');
INSERT INTO public.privileges_v2 (id, privilege_code, privilege_label, section_id, fe_route_config, be_route_config, icon, visible_in_menu, seq_number, created_at, updated_at) VALUES ('PRV-201', 'hiquotation.mafquestions.read', 'hiquotation.mafquestions.read', 'SEC-PLAT', '', '', 'shield', false, 0, '2026-04-25 12:54:39.072454', '2026-04-25 12:54:39.072454');
INSERT INTO public.privileges_v2 (id, privilege_code, privilege_label, section_id, fe_route_config, be_route_config, icon, visible_in_menu, seq_number, created_at, updated_at) VALUES ('PRV-202', 'hiquotation.mafquestions.update', 'hiquotation.mafquestions.update', 'SEC-PLAT', '', '', 'shield', false, 0, '2026-04-25 12:54:39.310414', '2026-04-25 12:54:39.310414');
INSERT INTO public.privileges_v2 (id, privilege_code, privilege_label, section_id, fe_route_config, be_route_config, icon, visible_in_menu, seq_number, created_at, updated_at) VALUES ('PRV-203', 'hiquotation.members.create', 'hiquotation.members.create', 'SEC-PLAT', '', '', 'shield', false, 0, '2026-04-25 12:54:39.471917', '2026-04-25 12:54:39.471917');
INSERT INTO public.privileges_v2 (id, privilege_code, privilege_label, section_id, fe_route_config, be_route_config, icon, visible_in_menu, seq_number, created_at, updated_at) VALUES ('PRV-204', 'hiquotation.members.delete', 'hiquotation.members.delete', 'SEC-PLAT', '', '', 'shield', false, 0, '2026-04-25 12:54:39.645518', '2026-04-25 12:54:39.645518');
INSERT INTO public.privileges_v2 (id, privilege_code, privilege_label, section_id, fe_route_config, be_route_config, icon, visible_in_menu, seq_number, created_at, updated_at) VALUES ('PRV-205', 'hiquotation.members.update', 'hiquotation.members.update', 'SEC-PLAT', '', '', 'shield', false, 0, '2026-04-25 12:54:39.821322', '2026-04-25 12:54:39.821322');
INSERT INTO public.privileges_v2 (id, privilege_code, privilege_label, section_id, fe_route_config, be_route_config, icon, visible_in_menu, seq_number, created_at, updated_at) VALUES ('PRV-206', 'hiquotation.queries.create', 'hiquotation.queries.create', 'SEC-PLAT', '', '', 'shield', false, 0, '2026-04-25 12:54:39.964584', '2026-04-25 12:54:39.964584');
INSERT INTO public.privileges_v2 (id, privilege_code, privilege_label, section_id, fe_route_config, be_route_config, icon, visible_in_menu, seq_number, created_at, updated_at) VALUES ('PRV-207', 'hiquotation.queries.update', 'hiquotation.queries.update', 'SEC-PLAT', '', '', 'shield', false, 0, '2026-04-25 12:54:40.137912', '2026-04-25 12:54:40.137912');
INSERT INTO public.privileges_v2 (id, privilege_code, privilege_label, section_id, fe_route_config, be_route_config, icon, visible_in_menu, seq_number, created_at, updated_at) VALUES ('PRV-208', 'hiquotation.quotations.create', 'hiquotation.quotations.create', 'SEC-PLAT', '', '', 'shield', false, 0, '2026-04-25 12:54:40.371987', '2026-04-25 12:54:40.371987');
INSERT INTO public.privileges_v2 (id, privilege_code, privilege_label, section_id, fe_route_config, be_route_config, icon, visible_in_menu, seq_number, created_at, updated_at) VALUES ('PRV-209', 'hiquotation.quotations.delete', 'hiquotation.quotations.delete', 'SEC-PLAT', '', '', 'shield', false, 0, '2026-04-25 12:54:40.563303', '2026-04-25 12:54:40.563303');
INSERT INTO public.privileges_v2 (id, privilege_code, privilege_label, section_id, fe_route_config, be_route_config, icon, visible_in_menu, seq_number, created_at, updated_at) VALUES ('PRV-210', 'hiquotation.quotations.read', 'hiquotation.quotations.read', 'SEC-PLAT', '', '', 'shield', false, 0, '2026-04-25 12:54:40.760041', '2026-04-25 12:54:40.760041');
INSERT INTO public.privileges_v2 (id, privilege_code, privilege_label, section_id, fe_route_config, be_route_config, icon, visible_in_menu, seq_number, created_at, updated_at) VALUES ('PRV-211', 'hiquotation.quotations.submit', 'hiquotation.quotations.submit', 'SEC-PLAT', '', '', 'shield', false, 0, '2026-04-25 12:54:40.898202', '2026-04-25 12:54:40.898202');
INSERT INTO public.privileges_v2 (id, privilege_code, privilege_label, section_id, fe_route_config, be_route_config, icon, visible_in_menu, seq_number, created_at, updated_at) VALUES ('PRV-212', 'hiquotation.quotations.update', 'hiquotation.quotations.update', 'SEC-PLAT', '', '', 'shield', false, 0, '2026-04-25 12:54:41.025795', '2026-04-25 12:54:41.025795');
INSERT INTO public.privileges_v2 (id, privilege_code, privilege_label, section_id, fe_route_config, be_route_config, icon, visible_in_menu, seq_number, created_at, updated_at) VALUES ('PRV-213', 'hiquotation.regions.read', 'hiquotation.regions.read', 'SEC-PLAT', '', '', 'shield', false, 0, '2026-04-25 12:54:41.177449', '2026-04-25 12:54:41.177449');
INSERT INTO public.privileges_v2 (id, privilege_code, privilege_label, section_id, fe_route_config, be_route_config, icon, visible_in_menu, seq_number, created_at, updated_at) VALUES ('PRV-222', 'medical_coding.read', 'medical_coding.read', 'SEC-PLAT', '', '', 'shield', false, 0, '2026-04-25 12:54:42.747037', '2026-04-25 12:54:42.747037');
INSERT INTO public.privileges_v2 (id, privilege_code, privilege_label, section_id, fe_route_config, be_route_config, icon, visible_in_menu, seq_number, created_at, updated_at) VALUES ('PRV-239', 'payment_gateway.attempt', 'payment_gateway.attempt', 'SEC-PLAT', '', '', 'shield', false, 0, '2026-04-25 12:54:45.579602', '2026-04-25 12:54:45.579602');
INSERT INTO public.privileges_v2 (id, privilege_code, privilege_label, section_id, fe_route_config, be_route_config, icon, visible_in_menu, seq_number, created_at, updated_at) VALUES ('PRV-240', 'pcg4.benefits.create', 'pcg4.benefits.create', 'SEC-PLAT', '', '', 'shield', false, 0, '2026-04-25 12:54:45.789501', '2026-04-25 12:54:45.789501');
INSERT INTO public.privileges_v2 (id, privilege_code, privilege_label, section_id, fe_route_config, be_route_config, icon, visible_in_menu, seq_number, created_at, updated_at) VALUES ('PRV-241', 'pcg4.benefits.delete', 'pcg4.benefits.delete', 'SEC-PLAT', '', '', 'shield', false, 0, '2026-04-25 12:54:46.024668', '2026-04-25 12:54:46.024668');
INSERT INTO public.privileges_v2 (id, privilege_code, privilege_label, section_id, fe_route_config, be_route_config, icon, visible_in_menu, seq_number, created_at, updated_at) VALUES ('PRV-242', 'pcg4.benefits.read', 'pcg4.benefits.read', 'SEC-PLAT', '', '', 'shield', false, 0, '2026-04-25 12:54:46.193152', '2026-04-25 12:54:46.193152');
INSERT INTO public.privileges_v2 (id, privilege_code, privilege_label, section_id, fe_route_config, be_route_config, icon, visible_in_menu, seq_number, created_at, updated_at) VALUES ('PRV-243', 'pcg4.benefits.update', 'pcg4.benefits.update', 'SEC-PLAT', '', '', 'shield', false, 0, '2026-04-25 12:54:46.396029', '2026-04-25 12:54:46.396029');
INSERT INTO public.privileges_v2 (id, privilege_code, privilege_label, section_id, fe_route_config, be_route_config, icon, visible_in_menu, seq_number, created_at, updated_at) VALUES ('PRV-244', 'pcg4.configurations.create', 'pcg4.configurations.create', 'SEC-PLAT', '', '', 'shield', false, 0, '2026-04-25 12:54:46.578415', '2026-04-25 12:54:46.578415');
INSERT INTO public.privileges_v2 (id, privilege_code, privilege_label, section_id, fe_route_config, be_route_config, icon, visible_in_menu, seq_number, created_at, updated_at) VALUES ('PRV-245', 'pcg4.configurations.delete', 'pcg4.configurations.delete', 'SEC-PLAT', '', '', 'shield', false, 0, '2026-04-25 12:54:46.748654', '2026-04-25 12:54:46.748654');
INSERT INTO public.privileges_v2 (id, privilege_code, privilege_label, section_id, fe_route_config, be_route_config, icon, visible_in_menu, seq_number, created_at, updated_at) VALUES ('PRV-246', 'pcg4.configurations.read', 'pcg4.configurations.read', 'SEC-PLAT', '', '', 'shield', false, 0, '2026-04-25 12:54:46.949823', '2026-04-25 12:54:46.949823');
INSERT INTO public.privileges_v2 (id, privilege_code, privilege_label, section_id, fe_route_config, be_route_config, icon, visible_in_menu, seq_number, created_at, updated_at) VALUES ('PRV-247', 'pcg4.configurations.update', 'pcg4.configurations.update', 'SEC-PLAT', '', '', 'shield', false, 0, '2026-04-25 12:54:47.129367', '2026-04-25 12:54:47.129367');
INSERT INTO public.privileges_v2 (id, privilege_code, privilege_label, section_id, fe_route_config, be_route_config, icon, visible_in_menu, seq_number, created_at, updated_at) VALUES ('PRV-248', 'pcg4.encounters.create', 'pcg4.encounters.create', 'SEC-PLAT', '', '', 'shield', false, 0, '2026-04-25 12:54:47.290045', '2026-04-25 12:54:47.290045');
INSERT INTO public.privileges_v2 (id, privilege_code, privilege_label, section_id, fe_route_config, be_route_config, icon, visible_in_menu, seq_number, created_at, updated_at) VALUES ('PRV-249', 'pcg4.encounters.delete', 'pcg4.encounters.delete', 'SEC-PLAT', '', '', 'shield', false, 0, '2026-04-25 12:54:47.460619', '2026-04-25 12:54:47.460619');
INSERT INTO public.privileges_v2 (id, privilege_code, privilege_label, section_id, fe_route_config, be_route_config, icon, visible_in_menu, seq_number, created_at, updated_at) VALUES ('PRV-250', 'pcg4.encounters.read', 'pcg4.encounters.read', 'SEC-PLAT', '', '', 'shield', false, 0, '2026-04-25 12:54:47.616118', '2026-04-25 12:54:47.616118');
INSERT INTO public.privileges_v2 (id, privilege_code, privilege_label, section_id, fe_route_config, be_route_config, icon, visible_in_menu, seq_number, created_at, updated_at) VALUES ('PRV-251', 'pcg4.encounters.update', 'pcg4.encounters.update', 'SEC-PLAT', '', '', 'shield', false, 0, '2026-04-25 12:54:47.778213', '2026-04-25 12:54:47.778213');
INSERT INTO public.privileges_v2 (id, privilege_code, privilege_label, section_id, fe_route_config, be_route_config, icon, visible_in_menu, seq_number, created_at, updated_at) VALUES ('PRV-252', 'pcg4.plans.create', 'pcg4.plans.create', 'SEC-PLAT', '', '', 'shield', false, 0, '2026-04-25 12:54:47.943376', '2026-04-25 12:54:47.943376');
INSERT INTO public.privileges_v2 (id, privilege_code, privilege_label, section_id, fe_route_config, be_route_config, icon, visible_in_menu, seq_number, created_at, updated_at) VALUES ('PRV-253', 'pcg4.plans.delete', 'pcg4.plans.delete', 'SEC-PLAT', '', '', 'shield', false, 0, '2026-04-25 12:54:48.158533', '2026-04-25 12:54:48.158533');
INSERT INTO public.privileges_v2 (id, privilege_code, privilege_label, section_id, fe_route_config, be_route_config, icon, visible_in_menu, seq_number, created_at, updated_at) VALUES ('PRV-254', 'pcg4.plans.read', 'pcg4.plans.read', 'SEC-PLAT', '', '', 'shield', false, 0, '2026-04-25 12:54:48.298865', '2026-04-25 12:54:48.298865');
INSERT INTO public.privileges_v2 (id, privilege_code, privilege_label, section_id, fe_route_config, be_route_config, icon, visible_in_menu, seq_number, created_at, updated_at) VALUES ('PRV-255', 'pcg4.plans.update', 'pcg4.plans.update', 'SEC-PLAT', '', '', 'shield', false, 0, '2026-04-25 12:54:48.509913', '2026-04-25 12:54:48.509913');
INSERT INTO public.privileges_v2 (id, privilege_code, privilege_label, section_id, fe_route_config, be_route_config, icon, visible_in_menu, seq_number, created_at, updated_at) VALUES ('PRV-256', 'pcg4.setup.read', 'pcg4.setup.read', 'SEC-PLAT', '', '', 'shield', false, 0, '2026-04-25 12:54:48.714414', '2026-04-25 12:54:48.714414');
INSERT INTO public.privileges_v2 (id, privilege_code, privilege_label, section_id, fe_route_config, be_route_config, icon, visible_in_menu, seq_number, created_at, updated_at) VALUES ('PRV-257', 'pcg5.benefits.create', 'pcg5.benefits.create', 'SEC-PLAT', '', '', 'shield', false, 0, '2026-04-25 12:54:48.860875', '2026-04-25 12:54:48.860875');
INSERT INTO public.privileges_v2 (id, privilege_code, privilege_label, section_id, fe_route_config, be_route_config, icon, visible_in_menu, seq_number, created_at, updated_at) VALUES ('PRV-258', 'pcg5.benefits.delete', 'pcg5.benefits.delete', 'SEC-PLAT', '', '', 'shield', false, 0, '2026-04-25 12:54:49.00517', '2026-04-25 12:54:49.00517');
INSERT INTO public.privileges_v2 (id, privilege_code, privilege_label, section_id, fe_route_config, be_route_config, icon, visible_in_menu, seq_number, created_at, updated_at) VALUES ('PRV-259', 'pcg5.benefits.read', 'pcg5.benefits.read', 'SEC-PLAT', '', '', 'shield', false, 0, '2026-04-25 12:54:49.170475', '2026-04-25 12:54:49.170475');
INSERT INTO public.privileges_v2 (id, privilege_code, privilege_label, section_id, fe_route_config, be_route_config, icon, visible_in_menu, seq_number, created_at, updated_at) VALUES ('PRV-260', 'pcg5.benefits.update', 'pcg5.benefits.update', 'SEC-PLAT', '', '', 'shield', false, 0, '2026-04-25 12:54:49.325741', '2026-04-25 12:54:49.325741');
INSERT INTO public.privileges_v2 (id, privilege_code, privilege_label, section_id, fe_route_config, be_route_config, icon, visible_in_menu, seq_number, created_at, updated_at) VALUES ('PRV-261', 'pcg5.configurations.create', 'pcg5.configurations.create', 'SEC-PLAT', '', '', 'shield', false, 0, '2026-04-25 12:54:49.508448', '2026-04-25 12:54:49.508448');
INSERT INTO public.privileges_v2 (id, privilege_code, privilege_label, section_id, fe_route_config, be_route_config, icon, visible_in_menu, seq_number, created_at, updated_at) VALUES ('PRV-262', 'pcg5.configurations.delete', 'pcg5.configurations.delete', 'SEC-PLAT', '', '', 'shield', false, 0, '2026-04-25 12:54:49.695024', '2026-04-25 12:54:49.695024');
INSERT INTO public.privileges_v2 (id, privilege_code, privilege_label, section_id, fe_route_config, be_route_config, icon, visible_in_menu, seq_number, created_at, updated_at) VALUES ('PRV-263', 'pcg5.configurations.read', 'pcg5.configurations.read', 'SEC-PLAT', '', '', 'shield', false, 0, '2026-04-25 12:54:49.859042', '2026-04-25 12:54:49.859042');
INSERT INTO public.privileges_v2 (id, privilege_code, privilege_label, section_id, fe_route_config, be_route_config, icon, visible_in_menu, seq_number, created_at, updated_at) VALUES ('PRV-264', 'pcg5.configurations.update', 'pcg5.configurations.update', 'SEC-PLAT', '', '', 'shield', false, 0, '2026-04-25 12:54:50.013697', '2026-04-25 12:54:50.013697');
INSERT INTO public.privileges_v2 (id, privilege_code, privilege_label, section_id, fe_route_config, be_route_config, icon, visible_in_menu, seq_number, created_at, updated_at) VALUES ('PRV-265', 'pcg5.encounters.create', 'pcg5.encounters.create', 'SEC-PLAT', '', '', 'shield', false, 0, '2026-04-25 12:54:50.194714', '2026-04-25 12:54:50.194714');
INSERT INTO public.privileges_v2 (id, privilege_code, privilege_label, section_id, fe_route_config, be_route_config, icon, visible_in_menu, seq_number, created_at, updated_at) VALUES ('PRV-266', 'pcg5.encounters.delete', 'pcg5.encounters.delete', 'SEC-PLAT', '', '', 'shield', false, 0, '2026-04-25 12:54:50.373097', '2026-04-25 12:54:50.373097');
INSERT INTO public.privileges_v2 (id, privilege_code, privilege_label, section_id, fe_route_config, be_route_config, icon, visible_in_menu, seq_number, created_at, updated_at) VALUES ('PRV-267', 'pcg5.encounters.read', 'pcg5.encounters.read', 'SEC-PLAT', '', '', 'shield', false, 0, '2026-04-25 12:54:50.532512', '2026-04-25 12:54:50.532512');
INSERT INTO public.privileges_v2 (id, privilege_code, privilege_label, section_id, fe_route_config, be_route_config, icon, visible_in_menu, seq_number, created_at, updated_at) VALUES ('PRV-268', 'pcg5.encounters.update', 'pcg5.encounters.update', 'SEC-PLAT', '', '', 'shield', false, 0, '2026-04-25 12:54:50.712703', '2026-04-25 12:54:50.712703');
INSERT INTO public.privileges_v2 (id, privilege_code, privilege_label, section_id, fe_route_config, be_route_config, icon, visible_in_menu, seq_number, created_at, updated_at) VALUES ('PRV-269', 'pcg5.plans.create', 'pcg5.plans.create', 'SEC-PLAT', '', '', 'shield', false, 0, '2026-04-25 12:54:50.886311', '2026-04-25 12:54:50.886311');
INSERT INTO public.privileges_v2 (id, privilege_code, privilege_label, section_id, fe_route_config, be_route_config, icon, visible_in_menu, seq_number, created_at, updated_at) VALUES ('PRV-270', 'pcg5.plans.delete', 'pcg5.plans.delete', 'SEC-PLAT', '', '', 'shield', false, 0, '2026-04-25 12:54:51.093601', '2026-04-25 12:54:51.093601');
INSERT INTO public.privileges_v2 (id, privilege_code, privilege_label, section_id, fe_route_config, be_route_config, icon, visible_in_menu, seq_number, created_at, updated_at) VALUES ('PRV-271', 'pcg5.plans.read', 'pcg5.plans.read', 'SEC-PLAT', '', '', 'shield', false, 0, '2026-04-25 12:54:51.23854', '2026-04-25 12:54:51.23854');
INSERT INTO public.privileges_v2 (id, privilege_code, privilege_label, section_id, fe_route_config, be_route_config, icon, visible_in_menu, seq_number, created_at, updated_at) VALUES ('PRV-272', 'pcg5.plans.update', 'pcg5.plans.update', 'SEC-PLAT', '', '', 'shield', false, 0, '2026-04-25 12:54:51.38403', '2026-04-25 12:54:51.38403');
INSERT INTO public.privileges_v2 (id, privilege_code, privilege_label, section_id, fe_route_config, be_route_config, icon, visible_in_menu, seq_number, created_at, updated_at) VALUES ('PRV-273', 'pcg5.setup.read', 'pcg5.setup.read', 'SEC-PLAT', '', '', 'shield', false, 0, '2026-04-25 12:54:51.536088', '2026-04-25 12:54:51.536088');
INSERT INTO public.privileges_v2 (id, privilege_code, privilege_label, section_id, fe_route_config, be_route_config, icon, visible_in_menu, seq_number, created_at, updated_at) VALUES ('PRV-299', 'tele_uw.admin', 'tele_uw.admin', 'SEC-PLAT', '', '', 'shield', false, 0, '2026-04-25 12:54:56.114261', '2026-04-25 12:54:56.114261');
INSERT INTO public.privileges_v2 (id, privilege_code, privilege_label, section_id, fe_route_config, be_route_config, icon, visible_in_menu, seq_number, created_at, updated_at) VALUES ('PRV-300', 'tele_uw.call.initiate', 'tele_uw.call.initiate', 'SEC-PLAT', '', '', 'shield', false, 0, '2026-04-25 12:54:56.301387', '2026-04-25 12:54:56.301387');
INSERT INTO public.privileges_v2 (id, privilege_code, privilege_label, section_id, fe_route_config, be_route_config, icon, visible_in_menu, seq_number, created_at, updated_at) VALUES ('PRV-301', 'tele_uw.call.read', 'tele_uw.call.read', 'SEC-PLAT', '', '', 'shield', false, 0, '2026-04-25 12:54:56.463321', '2026-04-25 12:54:56.463321');
INSERT INTO public.privileges_v2 (id, privilege_code, privilege_label, section_id, fe_route_config, be_route_config, icon, visible_in_menu, seq_number, created_at, updated_at) VALUES ('PRV-302', 'tele_uw.campaign.manage', 'tele_uw.campaign.manage', 'SEC-PLAT', '', '', 'shield', false, 0, '2026-04-25 12:54:56.650421', '2026-04-25 12:54:56.650421');
INSERT INTO public.privileges_v2 (id, privilege_code, privilege_label, section_id, fe_route_config, be_route_config, icon, visible_in_menu, seq_number, created_at, updated_at) VALUES ('PRV-303', 'tele_uw.campaign.read', 'tele_uw.campaign.read', 'SEC-PLAT', '', '', 'shield', false, 0, '2026-04-25 12:54:56.800251', '2026-04-25 12:54:56.800251');
INSERT INTO public.privileges_v2 (id, privilege_code, privilege_label, section_id, fe_route_config, be_route_config, icon, visible_in_menu, seq_number, created_at, updated_at) VALUES ('PRV-304', 'tele_uw.dialogue.annotate', 'tele_uw.dialogue.annotate', 'SEC-PLAT', '', '', 'shield', false, 0, '2026-04-25 12:54:56.99875', '2026-04-25 12:54:56.99875');
INSERT INTO public.privileges_v2 (id, privilege_code, privilege_label, section_id, fe_route_config, be_route_config, icon, visible_in_menu, seq_number, created_at, updated_at) VALUES ('PRV-305', 'tele_uw.dialogue.read', 'tele_uw.dialogue.read', 'SEC-PLAT', '', '', 'shield', false, 0, '2026-04-25 12:54:57.162423', '2026-04-25 12:54:57.162423');
INSERT INTO public.privileges_v2 (id, privilege_code, privilege_label, section_id, fe_route_config, be_route_config, icon, visible_in_menu, seq_number, created_at, updated_at) VALUES ('PRV-306', 'uwworkflow.actions.create', 'uwworkflow.actions.create', 'SEC-PLAT', '', '', 'shield', false, 0, '2026-04-25 12:54:57.395342', '2026-04-25 12:54:57.395342');
INSERT INTO public.privileges_v2 (id, privilege_code, privilege_label, section_id, fe_route_config, be_route_config, icon, visible_in_menu, seq_number, created_at, updated_at) VALUES ('PRV-307', 'uwworkflow.actions.delete', 'uwworkflow.actions.delete', 'SEC-PLAT', '', '', 'shield', false, 0, '2026-04-25 12:54:57.547709', '2026-04-25 12:54:57.547709');
INSERT INTO public.privileges_v2 (id, privilege_code, privilege_label, section_id, fe_route_config, be_route_config, icon, visible_in_menu, seq_number, created_at, updated_at) VALUES ('PRV-308', 'uwworkflow.actions.execute', 'uwworkflow.actions.execute', 'SEC-PLAT', '', '', 'shield', false, 0, '2026-04-25 12:54:57.680572', '2026-04-25 12:54:57.680572');
INSERT INTO public.privileges_v2 (id, privilege_code, privilege_label, section_id, fe_route_config, be_route_config, icon, visible_in_menu, seq_number, created_at, updated_at) VALUES ('PRV-309', 'uwworkflow.actions.read', 'uwworkflow.actions.read', 'SEC-PLAT', '', '', 'shield', false, 0, '2026-04-25 12:54:57.849615', '2026-04-25 12:54:57.849615');
INSERT INTO public.privileges_v2 (id, privilege_code, privilege_label, section_id, fe_route_config, be_route_config, icon, visible_in_menu, seq_number, created_at, updated_at) VALUES ('PRV-310', 'uwworkflow.actions.update', 'uwworkflow.actions.update', 'SEC-PLAT', '', '', 'shield', false, 0, '2026-04-25 12:54:58.014698', '2026-04-25 12:54:58.014698');
INSERT INTO public.privileges_v2 (id, privilege_code, privilege_label, section_id, fe_route_config, be_route_config, icon, visible_in_menu, seq_number, created_at, updated_at) VALUES ('PRV-311', 'uwworkflow.assignmentrules.create', 'uwworkflow.assignmentrules.create', 'SEC-PLAT', '', '', 'shield', false, 0, '2026-04-25 12:54:58.230846', '2026-04-25 12:54:58.230846');
INSERT INTO public.privileges_v2 (id, privilege_code, privilege_label, section_id, fe_route_config, be_route_config, icon, visible_in_menu, seq_number, created_at, updated_at) VALUES ('PRV-312', 'uwworkflow.assignmentrules.delete', 'uwworkflow.assignmentrules.delete', 'SEC-PLAT', '', '', 'shield', false, 0, '2026-04-25 12:54:58.392691', '2026-04-25 12:54:58.392691');
INSERT INTO public.privileges_v2 (id, privilege_code, privilege_label, section_id, fe_route_config, be_route_config, icon, visible_in_menu, seq_number, created_at, updated_at) VALUES ('PRV-313', 'uwworkflow.assignmentrules.read', 'uwworkflow.assignmentrules.read', 'SEC-PLAT', '', '', 'shield', false, 0, '2026-04-25 12:54:58.57678', '2026-04-25 12:54:58.57678');
INSERT INTO public.privileges_v2 (id, privilege_code, privilege_label, section_id, fe_route_config, be_route_config, icon, visible_in_menu, seq_number, created_at, updated_at) VALUES ('PRV-314', 'uwworkflow.assignmentrules.update', 'uwworkflow.assignmentrules.update', 'SEC-PLAT', '', '', 'shield', false, 0, '2026-04-25 12:54:58.728075', '2026-04-25 12:54:58.728075');
INSERT INTO public.privileges_v2 (id, privilege_code, privilege_label, section_id, fe_route_config, be_route_config, icon, visible_in_menu, seq_number, created_at, updated_at) VALUES ('PRV-315', 'uwworkflow.assignments.create', 'uwworkflow.assignments.create', 'SEC-PLAT', '', '', 'shield', false, 0, '2026-04-25 12:54:58.912713', '2026-04-25 12:54:58.912713');
INSERT INTO public.privileges_v2 (id, privilege_code, privilege_label, section_id, fe_route_config, be_route_config, icon, visible_in_menu, seq_number, created_at, updated_at) VALUES ('PRV-316', 'uwworkflow.assignments.delete', 'uwworkflow.assignments.delete', 'SEC-PLAT', '', '', 'shield', false, 0, '2026-04-25 12:54:59.050546', '2026-04-25 12:54:59.050546');
INSERT INTO public.privileges_v2 (id, privilege_code, privilege_label, section_id, fe_route_config, be_route_config, icon, visible_in_menu, seq_number, created_at, updated_at) VALUES ('PRV-317', 'uwworkflow.escalationrules.create', 'uwworkflow.escalationrules.create', 'SEC-PLAT', '', '', 'shield', false, 0, '2026-04-25 12:54:59.221757', '2026-04-25 12:54:59.221757');
INSERT INTO public.privileges_v2 (id, privilege_code, privilege_label, section_id, fe_route_config, be_route_config, icon, visible_in_menu, seq_number, created_at, updated_at) VALUES ('PRV-318', 'uwworkflow.escalationrules.delete', 'uwworkflow.escalationrules.delete', 'SEC-PLAT', '', '', 'shield', false, 0, '2026-04-25 12:54:59.446442', '2026-04-25 12:54:59.446442');
INSERT INTO public.privileges_v2 (id, privilege_code, privilege_label, section_id, fe_route_config, be_route_config, icon, visible_in_menu, seq_number, created_at, updated_at) VALUES ('PRV-319', 'uwworkflow.escalationrules.read', 'uwworkflow.escalationrules.read', 'SEC-PLAT', '', '', 'shield', false, 0, '2026-04-25 12:54:59.619965', '2026-04-25 12:54:59.619965');
INSERT INTO public.privileges_v2 (id, privilege_code, privilege_label, section_id, fe_route_config, be_route_config, icon, visible_in_menu, seq_number, created_at, updated_at) VALUES ('PRV-320', 'uwworkflow.escalationrules.update', 'uwworkflow.escalationrules.update', 'SEC-PLAT', '', '', 'shield', false, 0, '2026-04-25 12:54:59.838417', '2026-04-25 12:54:59.838417');
INSERT INTO public.privileges_v2 (id, privilege_code, privilege_label, section_id, fe_route_config, be_route_config, icon, visible_in_menu, seq_number, created_at, updated_at) VALUES ('PRV-321', 'uwworkflow.escalations.execute', 'uwworkflow.escalations.execute', 'SEC-PLAT', '', '', 'shield', false, 0, '2026-04-25 12:55:00.086272', '2026-04-25 12:55:00.086272');
INSERT INTO public.privileges_v2 (id, privilege_code, privilege_label, section_id, fe_route_config, be_route_config, icon, visible_in_menu, seq_number, created_at, updated_at) VALUES ('PRV-322', 'uwworkflow.history.read', 'uwworkflow.history.read', 'SEC-PLAT', '', '', 'shield', false, 0, '2026-04-25 12:55:00.247319', '2026-04-25 12:55:00.247319');
INSERT INTO public.privileges_v2 (id, privilege_code, privilege_label, section_id, fe_route_config, be_route_config, icon, visible_in_menu, seq_number, created_at, updated_at) VALUES ('PRV-323', 'uwworkflow.ingest.create', 'uwworkflow.ingest.create', 'SEC-PLAT', '', '', 'shield', false, 0, '2026-04-25 12:55:00.450437', '2026-04-25 12:55:00.450437');
INSERT INTO public.privileges_v2 (id, privilege_code, privilege_label, section_id, fe_route_config, be_route_config, icon, visible_in_menu, seq_number, created_at, updated_at) VALUES ('PRV-324', 'uwworkflow.payments.create', 'uwworkflow.payments.create', 'SEC-PLAT', '', '', 'shield', false, 0, '2026-04-25 12:55:00.654008', '2026-04-25 12:55:00.654008');
INSERT INTO public.privileges_v2 (id, privilege_code, privilege_label, section_id, fe_route_config, be_route_config, icon, visible_in_menu, seq_number, created_at, updated_at) VALUES ('PRV-325', 'uwworkflow.payments.read', 'uwworkflow.payments.read', 'SEC-PLAT', '', '', 'shield', false, 0, '2026-04-25 12:55:00.822421', '2026-04-25 12:55:00.822421');
INSERT INTO public.privileges_v2 (id, privilege_code, privilege_label, section_id, fe_route_config, be_route_config, icon, visible_in_menu, seq_number, created_at, updated_at) VALUES ('PRV-326', 'uwworkflow.policies.create', 'uwworkflow.policies.create', 'SEC-PLAT', '', '', 'shield', false, 0, '2026-04-25 12:55:00.975655', '2026-04-25 12:55:00.975655');
INSERT INTO public.privileges_v2 (id, privilege_code, privilege_label, section_id, fe_route_config, be_route_config, icon, visible_in_menu, seq_number, created_at, updated_at) VALUES ('PRV-327', 'uwworkflow.policies.read', 'uwworkflow.policies.read', 'SEC-PLAT', '', '', 'shield', false, 0, '2026-04-25 12:55:01.113734', '2026-04-25 12:55:01.113734');
INSERT INTO public.privileges_v2 (id, privilege_code, privilege_label, section_id, fe_route_config, be_route_config, icon, visible_in_menu, seq_number, created_at, updated_at) VALUES ('PRV-328', 'uwworkflow.queues.read', 'uwworkflow.queues.read', 'SEC-PLAT', '', '', 'shield', false, 0, '2026-04-25 12:55:01.283929', '2026-04-25 12:55:01.283929');
INSERT INTO public.privileges_v2 (id, privilege_code, privilege_label, section_id, fe_route_config, be_route_config, icon, visible_in_menu, seq_number, created_at, updated_at) VALUES ('PRV-329', 'uwworkflow.quotes.read', 'uwworkflow.quotes.read', 'SEC-PLAT', '', '', 'shield', false, 0, '2026-04-25 12:55:01.429367', '2026-04-25 12:55:01.429367');


--
-- Data for Name: roles; Type: TABLE DATA; Schema: public; Owner: zorbit
--

INSERT INTO public.roles (id, "hashId", name, description, organization_hash_id, is_system, status, created_at, updated_at) VALUES ('5473ffe3-0c58-4215-88d3-f4e3c72274f9', 'R-SADMIN', 'super_admin', 'All-access role for testing', 'O-DFLT', true, 'active', '2026-04-25 00:58:24.623404', '2026-04-25 00:58:24.623404');


--
-- Data for Name: role_privileges_v2; Type: TABLE DATA; Schema: public; Owner: zorbit
--

INSERT INTO public.role_privileges_v2 (id, role_id, privilege_id, created_at) VALUES ('2e95b753-5ded-4f1d-9d5d-58cbfe82ce50', '5473ffe3-0c58-4215-88d3-f4e3c72274f9', 'PRV-ADMIN', '2026-04-25 00:58:24.645056');
INSERT INTO public.role_privileges_v2 (id, role_id, privilege_id, created_at) VALUES ('4902976d-2b68-41ad-88d1-f2f743cfaaff', '5473ffe3-0c58-4215-88d3-f4e3c72274f9', 'PRV-SEED', '2026-04-25 00:58:24.645056');
INSERT INTO public.role_privileges_v2 (id, role_id, privilege_id, created_at) VALUES ('3f92c391-9b55-48a7-a9e6-f62f660ae85a', '5473ffe3-0c58-4215-88d3-f4e3c72274f9', 'PRV-IDENTITY', '2026-04-25 00:58:24.645056');
INSERT INTO public.role_privileges_v2 (id, role_id, privilege_id, created_at) VALUES ('93c65bbb-7503-4fd4-a3f4-d4f24693f450', '5473ffe3-0c58-4215-88d3-f4e3c72274f9', 'PRV-NAV', '2026-04-25 00:58:24.645056');
INSERT INTO public.role_privileges_v2 (id, role_id, privilege_id, created_at) VALUES ('2289fd92-00f4-4d8b-98f9-1f363e9aead8', '5473ffe3-0c58-4215-88d3-f4e3c72274f9', 'PRV-AUDIT', '2026-04-25 00:58:24.645056');
INSERT INTO public.role_privileges_v2 (id, role_id, privilege_id, created_at) VALUES ('a1a09bda-d10a-47cd-a4dc-58beac87d50a', '5473ffe3-0c58-4215-88d3-f4e3c72274f9', 'PRV-DATA', '2026-04-25 00:58:24.645056');
INSERT INTO public.role_privileges_v2 (id, role_id, privilege_id, created_at) VALUES ('ede9070a-fb80-4396-a00d-bea2a8b0248a', '5473ffe3-0c58-4215-88d3-f4e3c72274f9', 'PRV-FORM', '2026-04-25 00:58:24.645056');
INSERT INTO public.role_privileges_v2 (id, role_id, privilege_id, created_at) VALUES ('a89ff4bd-8896-4afd-a241-8418c80f2277', '5473ffe3-0c58-4215-88d3-f4e3c72274f9', 'PRV-PCG4', '2026-04-25 00:58:24.645056');
INSERT INTO public.role_privileges_v2 (id, role_id, privilege_id, created_at) VALUES ('30fb6789-db00-463e-a2ab-3624f87f040e', '5473ffe3-0c58-4215-88d3-f4e3c72274f9', 'PRV-PMJAY', '2026-04-25 00:58:24.645056');
INSERT INTO public.role_privileges_v2 (id, role_id, privilege_id, created_at) VALUES ('7c905791-7e3e-4e02-ab2b-bc738d3e7ccc', '5473ffe3-0c58-4215-88d3-f4e3c72274f9', 'PRV-USR', '2026-04-25 01:01:11.483286');
INSERT INTO public.role_privileges_v2 (id, role_id, privilege_id, created_at) VALUES ('36a126c3-20d4-4522-b7c7-9a80ce074630', '5473ffe3-0c58-4215-88d3-f4e3c72274f9', 'PRV-SETT', '2026-04-25 01:01:11.483286');
INSERT INTO public.role_privileges_v2 (id, role_id, privilege_id, created_at) VALUES ('af07910b-55c8-46e0-bb9d-7650c35225ff', '5473ffe3-0c58-4215-88d3-f4e3c72274f9', 'PRV-SESS', '2026-04-25 01:01:11.483286');
INSERT INTO public.role_privileges_v2 (id, role_id, privilege_id, created_at) VALUES ('1e933014-0b69-43ca-a215-622741ff6a54', '5473ffe3-0c58-4215-88d3-f4e3c72274f9', 'PRV-DASH', '2026-04-25 01:01:11.483286');
INSERT INTO public.role_privileges_v2 (id, role_id, privilege_id, created_at) VALUES ('9e362897-0174-4668-8d36-e0e54603527f', '5473ffe3-0c58-4215-88d3-f4e3c72274f9', 'PRV-AUDV', '2026-04-25 01:01:11.483286');
INSERT INTO public.role_privileges_v2 (id, role_id, privilege_id, created_at) VALUES ('b0baa658-4d24-441b-b341-6b201b900466', '5473ffe3-0c58-4215-88d3-f4e3c72274f9', 'PRV-ORG', '2026-04-25 01:01:11.483286');
INSERT INTO public.role_privileges_v2 (id, role_id, privilege_id, created_at) VALUES ('aa056c84-9402-4d55-ad07-0c2f5096a229', '5473ffe3-0c58-4215-88d3-f4e3c72274f9', 'PRV-C3C5', '2026-04-25 03:40:38.562418');
INSERT INTO public.role_privileges_v2 (id, role_id, privilege_id, created_at) VALUES ('a5ac4c00-ebf5-4102-9851-8b9fa118b21c', '5473ffe3-0c58-4215-88d3-f4e3c72274f9', 'PRV-B37B', '2026-04-25 03:40:38.562418');
INSERT INTO public.role_privileges_v2 (id, role_id, privilege_id, created_at) VALUES ('1ba98ab1-928c-47de-9316-b514ff1373fc', '5473ffe3-0c58-4215-88d3-f4e3c72274f9', 'PRV-1766', '2026-04-25 03:40:38.562418');
INSERT INTO public.role_privileges_v2 (id, role_id, privilege_id, created_at) VALUES ('e10fd8ab-fe41-4cac-a94d-1d26bf05709d', '5473ffe3-0c58-4215-88d3-f4e3c72274f9', 'PRV-2459', '2026-04-25 03:40:38.562418');
INSERT INTO public.role_privileges_v2 (id, role_id, privilege_id, created_at) VALUES ('b1acff12-01bd-441f-aee5-d8df480d42d2', '5473ffe3-0c58-4215-88d3-f4e3c72274f9', 'PRV-AUDIT_LOG_EXPORT', '2026-04-25 03:40:38.562418');
INSERT INTO public.role_privileges_v2 (id, role_id, privilege_id, created_at) VALUES ('86f9f011-f5da-4c39-8472-51ebe6d5a9f9', '5473ffe3-0c58-4215-88d3-f4e3c72274f9', 'PRV-AUDIT_LOG_READ', '2026-04-25 03:40:38.562418');
INSERT INTO public.role_privileges_v2 (id, role_id, privilege_id, created_at) VALUES ('8afd1a59-cf99-4267-8330-d11e0c9df062', '5473ffe3-0c58-4215-88d3-f4e3c72274f9', 'PRV-102', '2026-04-25 03:41:21.826794');
INSERT INTO public.role_privileges_v2 (id, role_id, privilege_id, created_at) VALUES ('e1f92672-ee5e-4a9a-b383-ec0fc50e44fe', '5473ffe3-0c58-4215-88d3-f4e3c72274f9', 'PRV-103', '2026-04-25 03:41:21.826794');
INSERT INTO public.role_privileges_v2 (id, role_id, privilege_id, created_at) VALUES ('321d84c5-6c00-4211-97f3-42d2db935a94', '5473ffe3-0c58-4215-88d3-f4e3c72274f9', 'PRV-104', '2026-04-25 03:41:21.826794');
INSERT INTO public.role_privileges_v2 (id, role_id, privilege_id, created_at) VALUES ('93e91bf9-779e-4f15-9b3b-261f772a655c', '5473ffe3-0c58-4215-88d3-f4e3c72274f9', 'PRV-105', '2026-04-25 03:41:21.826794');
INSERT INTO public.role_privileges_v2 (id, role_id, privilege_id, created_at) VALUES ('6edce5a0-b45f-4ea2-baf9-d27c1aad3a12', '5473ffe3-0c58-4215-88d3-f4e3c72274f9', 'PRV-106', '2026-04-25 03:41:21.826794');
INSERT INTO public.role_privileges_v2 (id, role_id, privilege_id, created_at) VALUES ('3b0d242d-3c12-406e-b2ae-de91ef97092a', '5473ffe3-0c58-4215-88d3-f4e3c72274f9', 'PRV-107', '2026-04-25 03:41:21.826794');
INSERT INTO public.role_privileges_v2 (id, role_id, privilege_id, created_at) VALUES ('e3cfe00b-8c95-4f61-835a-7d56c960e33d', '5473ffe3-0c58-4215-88d3-f4e3c72274f9', 'PRV-108', '2026-04-25 03:41:21.826794');
INSERT INTO public.role_privileges_v2 (id, role_id, privilege_id, created_at) VALUES ('c0352edc-64b3-400c-800a-d99da0fd1fc7', '5473ffe3-0c58-4215-88d3-f4e3c72274f9', 'PRV-109', '2026-04-25 03:41:21.826794');
INSERT INTO public.role_privileges_v2 (id, role_id, privilege_id, created_at) VALUES ('190cad92-2cfc-4b94-9c12-e93d2f8e8b43', '5473ffe3-0c58-4215-88d3-f4e3c72274f9', 'PRV-110', '2026-04-25 03:41:21.826794');
INSERT INTO public.role_privileges_v2 (id, role_id, privilege_id, created_at) VALUES ('b47de5a2-3c7a-4c32-8e61-72ac590c774d', '5473ffe3-0c58-4215-88d3-f4e3c72274f9', 'PRV-111', '2026-04-25 03:41:21.826794');
INSERT INTO public.role_privileges_v2 (id, role_id, privilege_id, created_at) VALUES ('6054ae37-f5a3-47b3-b58e-52e64725598e', '5473ffe3-0c58-4215-88d3-f4e3c72274f9', 'PRV-112', '2026-04-25 03:41:21.826794');
INSERT INTO public.role_privileges_v2 (id, role_id, privilege_id, created_at) VALUES ('ab634056-8aee-453c-9877-adf32dd4e843', '5473ffe3-0c58-4215-88d3-f4e3c72274f9', 'PRV-113', '2026-04-25 03:41:21.826794');
INSERT INTO public.role_privileges_v2 (id, role_id, privilege_id, created_at) VALUES ('e2d6d8e4-d44f-4fb2-995c-7d0b881b9d68', '5473ffe3-0c58-4215-88d3-f4e3c72274f9', 'PRV-114', '2026-04-25 03:41:21.826794');
INSERT INTO public.role_privileges_v2 (id, role_id, privilege_id, created_at) VALUES ('a144d0a0-3eaa-491f-89fe-d70c2020bb89', '5473ffe3-0c58-4215-88d3-f4e3c72274f9', 'PRV-115', '2026-04-25 03:41:21.826794');
INSERT INTO public.role_privileges_v2 (id, role_id, privilege_id, created_at) VALUES ('f583f6a4-24bd-497c-87b1-d68cfb70d05f', '5473ffe3-0c58-4215-88d3-f4e3c72274f9', 'PRV-116', '2026-04-25 03:41:21.826794');
INSERT INTO public.role_privileges_v2 (id, role_id, privilege_id, created_at) VALUES ('ea2cd430-2a47-476c-af6b-84fceb779535', '5473ffe3-0c58-4215-88d3-f4e3c72274f9', 'PRV-117', '2026-04-25 03:41:21.826794');
INSERT INTO public.role_privileges_v2 (id, role_id, privilege_id, created_at) VALUES ('57d4abcf-0916-40c0-8a10-febe3f4afdc6', '5473ffe3-0c58-4215-88d3-f4e3c72274f9', 'PRV-118', '2026-04-25 03:41:21.826794');
INSERT INTO public.role_privileges_v2 (id, role_id, privilege_id, created_at) VALUES ('1288fbd8-609b-44a6-909e-da668254df36', '5473ffe3-0c58-4215-88d3-f4e3c72274f9', 'PRV-119', '2026-04-25 03:41:21.826794');
INSERT INTO public.role_privileges_v2 (id, role_id, privilege_id, created_at) VALUES ('52656f04-c326-4acc-8c8d-07052aa4f88f', '5473ffe3-0c58-4215-88d3-f4e3c72274f9', 'PRV-120', '2026-04-25 03:41:21.826794');
INSERT INTO public.role_privileges_v2 (id, role_id, privilege_id, created_at) VALUES ('27ad37ff-1a56-49ae-9303-5723865147c3', '5473ffe3-0c58-4215-88d3-f4e3c72274f9', 'PRV-121', '2026-04-25 03:41:21.826794');
INSERT INTO public.role_privileges_v2 (id, role_id, privilege_id, created_at) VALUES ('f4ac7f27-09f6-4600-8bc3-367c647f9613', '5473ffe3-0c58-4215-88d3-f4e3c72274f9', 'PRV-122', '2026-04-25 03:41:21.826794');
INSERT INTO public.role_privileges_v2 (id, role_id, privilege_id, created_at) VALUES ('7ca37086-4c39-4205-8616-b74b7d83f2f7', '5473ffe3-0c58-4215-88d3-f4e3c72274f9', 'PRV-123', '2026-04-25 03:41:21.826794');
INSERT INTO public.role_privileges_v2 (id, role_id, privilege_id, created_at) VALUES ('0eae2c7b-d739-49a1-b88b-be6c53d1355d', '5473ffe3-0c58-4215-88d3-f4e3c72274f9', 'PRV-124', '2026-04-25 03:41:21.826794');
INSERT INTO public.role_privileges_v2 (id, role_id, privilege_id, created_at) VALUES ('f7408b73-5c32-478c-b2f5-bab3acf0c0d6', '5473ffe3-0c58-4215-88d3-f4e3c72274f9', 'PRV-125', '2026-04-25 03:41:21.826794');
INSERT INTO public.role_privileges_v2 (id, role_id, privilege_id, created_at) VALUES ('3857df7e-f880-4515-9ada-934230db3565', '5473ffe3-0c58-4215-88d3-f4e3c72274f9', 'PRV-126', '2026-04-25 03:41:21.826794');
INSERT INTO public.role_privileges_v2 (id, role_id, privilege_id, created_at) VALUES ('41a8e879-1564-491e-a29c-979b6b48c2f9', '5473ffe3-0c58-4215-88d3-f4e3c72274f9', 'PRV-127', '2026-04-25 03:41:21.826794');
INSERT INTO public.role_privileges_v2 (id, role_id, privilege_id, created_at) VALUES ('2a9df1a0-85f3-4495-bfc0-aa7841bc3e6a', '5473ffe3-0c58-4215-88d3-f4e3c72274f9', 'PRV-128', '2026-04-25 03:41:21.826794');
INSERT INTO public.role_privileges_v2 (id, role_id, privilege_id, created_at) VALUES ('e16f40cc-c167-4ed0-8cea-22c7346632de', '5473ffe3-0c58-4215-88d3-f4e3c72274f9', 'PRV-129', '2026-04-25 03:41:21.826794');
INSERT INTO public.role_privileges_v2 (id, role_id, privilege_id, created_at) VALUES ('6e034ef1-e9d6-4f96-a276-5d39ca23c8cb', '5473ffe3-0c58-4215-88d3-f4e3c72274f9', 'PRV-130', '2026-04-25 03:41:21.826794');
INSERT INTO public.role_privileges_v2 (id, role_id, privilege_id, created_at) VALUES ('a57285e0-0d7b-449a-9297-9889933d6dc1', '5473ffe3-0c58-4215-88d3-f4e3c72274f9', 'PRV-131', '2026-04-25 03:41:21.826794');
INSERT INTO public.role_privileges_v2 (id, role_id, privilege_id, created_at) VALUES ('6f7e8b41-1753-48b3-b4b9-e8c6af04b44e', '5473ffe3-0c58-4215-88d3-f4e3c72274f9', 'PRV-132', '2026-04-25 03:41:21.826794');
INSERT INTO public.role_privileges_v2 (id, role_id, privilege_id, created_at) VALUES ('88095e9f-7ba8-4afb-a8d9-8ca68fbfdd2e', '5473ffe3-0c58-4215-88d3-f4e3c72274f9', 'PRV-133', '2026-04-25 03:41:21.826794');
INSERT INTO public.role_privileges_v2 (id, role_id, privilege_id, created_at) VALUES ('1f0622d3-c3c7-4d71-9dc4-49dccdd01493', '5473ffe3-0c58-4215-88d3-f4e3c72274f9', 'PRV-134', '2026-04-25 03:41:21.826794');
INSERT INTO public.role_privileges_v2 (id, role_id, privilege_id, created_at) VALUES ('15ff63a5-4fc2-44a6-a6da-84e95c242924', '5473ffe3-0c58-4215-88d3-f4e3c72274f9', 'PRV-135', '2026-04-25 03:41:21.826794');
INSERT INTO public.role_privileges_v2 (id, role_id, privilege_id, created_at) VALUES ('76aaea43-b227-48eb-810a-e6367dce26f5', '5473ffe3-0c58-4215-88d3-f4e3c72274f9', 'PRV-136', '2026-04-25 03:41:21.826794');
INSERT INTO public.role_privileges_v2 (id, role_id, privilege_id, created_at) VALUES ('0a1cc2df-480d-44b2-a515-5f3c80f6a77f', '5473ffe3-0c58-4215-88d3-f4e3c72274f9', 'PRV-137', '2026-04-25 03:41:21.826794');
INSERT INTO public.role_privileges_v2 (id, role_id, privilege_id, created_at) VALUES ('f1c94bcf-adf9-4713-8fd8-025ed0d19588', '5473ffe3-0c58-4215-88d3-f4e3c72274f9', 'PRV-138', '2026-04-25 03:41:21.826794');
INSERT INTO public.role_privileges_v2 (id, role_id, privilege_id, created_at) VALUES ('0da22c54-4d30-44b4-a2ed-2f35bc4d9b97', '5473ffe3-0c58-4215-88d3-f4e3c72274f9', 'PRV-139', '2026-04-25 03:41:21.826794');
INSERT INTO public.role_privileges_v2 (id, role_id, privilege_id, created_at) VALUES ('d3f4cb03-488b-4a27-88a0-3e5b42588cc6', '5473ffe3-0c58-4215-88d3-f4e3c72274f9', 'PRV-140', '2026-04-25 03:41:21.826794');
INSERT INTO public.role_privileges_v2 (id, role_id, privilege_id, created_at) VALUES ('e72586d8-43eb-4b10-88bf-a3ddb13486f2', '5473ffe3-0c58-4215-88d3-f4e3c72274f9', 'PRV-145', '2026-04-25 03:41:21.826794');
INSERT INTO public.role_privileges_v2 (id, role_id, privilege_id, created_at) VALUES ('bf07d7e6-b660-4974-902b-2fa710530c6c', '5473ffe3-0c58-4215-88d3-f4e3c72274f9', 'PRV-146', '2026-04-25 03:41:21.826794');
INSERT INTO public.role_privileges_v2 (id, role_id, privilege_id, created_at) VALUES ('ebce9b6b-e231-47c3-8cbf-b38c32f1e7a7', '5473ffe3-0c58-4215-88d3-f4e3c72274f9', 'PRV-147', '2026-04-25 03:41:21.826794');
INSERT INTO public.role_privileges_v2 (id, role_id, privilege_id, created_at) VALUES ('2bd5121b-7f01-4706-90c6-9d1ec95ccb29', '5473ffe3-0c58-4215-88d3-f4e3c72274f9', 'PRV-148', '2026-04-25 03:41:21.826794');
INSERT INTO public.role_privileges_v2 (id, role_id, privilege_id, created_at) VALUES ('e58d6f09-b0b0-4836-b71b-d7b2596c89cc', '5473ffe3-0c58-4215-88d3-f4e3c72274f9', 'PRV-149', '2026-04-25 03:41:21.826794');
INSERT INTO public.role_privileges_v2 (id, role_id, privilege_id, created_at) VALUES ('f11b145a-3a17-41c7-bf42-53fb977cfff7', '5473ffe3-0c58-4215-88d3-f4e3c72274f9', 'PRV-150', '2026-04-25 03:41:21.826794');
INSERT INTO public.role_privileges_v2 (id, role_id, privilege_id, created_at) VALUES ('eb68158a-19e1-4429-95c3-25bd598606d8', '5473ffe3-0c58-4215-88d3-f4e3c72274f9', 'PRV-151', '2026-04-25 03:41:21.826794');
INSERT INTO public.role_privileges_v2 (id, role_id, privilege_id, created_at) VALUES ('0639c1d3-71b9-4837-90a7-bfa422655d8b', '5473ffe3-0c58-4215-88d3-f4e3c72274f9', 'PRV-153', '2026-04-25 03:41:21.826794');
INSERT INTO public.role_privileges_v2 (id, role_id, privilege_id, created_at) VALUES ('6171d82d-f966-402f-8def-0156d819fd8d', '5473ffe3-0c58-4215-88d3-f4e3c72274f9', 'PRV-154', '2026-04-25 03:41:21.826794');
INSERT INTO public.role_privileges_v2 (id, role_id, privilege_id, created_at) VALUES ('121d131c-05a5-425c-80e4-415038ae2c9f', '5473ffe3-0c58-4215-88d3-f4e3c72274f9', 'PRV-155', '2026-04-25 03:41:21.826794');
INSERT INTO public.role_privileges_v2 (id, role_id, privilege_id, created_at) VALUES ('67c72325-8d2a-488a-b959-3eac57ffa1da', '5473ffe3-0c58-4215-88d3-f4e3c72274f9', 'PRV-156', '2026-04-25 03:41:21.826794');
INSERT INTO public.role_privileges_v2 (id, role_id, privilege_id, created_at) VALUES ('bc9df4f7-9a3e-4bf9-af50-dbffc10cd97c', '5473ffe3-0c58-4215-88d3-f4e3c72274f9', 'PRV-418D', '2026-04-25 12:55:01.58635');
INSERT INTO public.role_privileges_v2 (id, role_id, privilege_id, created_at) VALUES ('58c12689-cad2-456e-8dc2-41f9232691f7', '5473ffe3-0c58-4215-88d3-f4e3c72274f9', 'PRV-4EA4', '2026-04-25 12:55:01.58635');
INSERT INTO public.role_privileges_v2 (id, role_id, privilege_id, created_at) VALUES ('5d88b436-8a05-4a5b-b572-92539a62d4a7', '5473ffe3-0c58-4215-88d3-f4e3c72274f9', 'PRV-88AE', '2026-04-25 12:55:01.58635');
INSERT INTO public.role_privileges_v2 (id, role_id, privilege_id, created_at) VALUES ('54ff06c4-9cf5-4e0f-9790-e73ce79e1846', '5473ffe3-0c58-4215-88d3-f4e3c72274f9', 'PRV-3530', '2026-04-25 12:55:01.58635');
INSERT INTO public.role_privileges_v2 (id, role_id, privilege_id, created_at) VALUES ('31270d1b-f937-49bd-bbd2-d343e336d355', '5473ffe3-0c58-4215-88d3-f4e3c72274f9', 'PRV-03A3', '2026-04-25 12:55:01.58635');
INSERT INTO public.role_privileges_v2 (id, role_id, privilege_id, created_at) VALUES ('918d954b-670c-4a21-a94a-3813368d62e9', '5473ffe3-0c58-4215-88d3-f4e3c72274f9', 'PRV-0B34', '2026-04-25 12:55:01.58635');
INSERT INTO public.role_privileges_v2 (id, role_id, privilege_id, created_at) VALUES ('5dc32b3f-2a29-4187-826b-c65003cccde0', '5473ffe3-0c58-4215-88d3-f4e3c72274f9', 'PRV-3C68', '2026-04-25 12:55:01.58635');
INSERT INTO public.role_privileges_v2 (id, role_id, privilege_id, created_at) VALUES ('a42e1e16-ffc3-4320-8bff-077d6fd5091c', '5473ffe3-0c58-4215-88d3-f4e3c72274f9', 'PRV-C233', '2026-04-25 12:55:01.58635');
INSERT INTO public.role_privileges_v2 (id, role_id, privilege_id, created_at) VALUES ('86f37b98-a15f-4f7d-a14f-793b4ab121b9', '5473ffe3-0c58-4215-88d3-f4e3c72274f9', 'PRV-07D2', '2026-04-25 12:55:01.58635');
INSERT INTO public.role_privileges_v2 (id, role_id, privilege_id, created_at) VALUES ('c882fab0-adb5-4543-9497-ef671a1dc38c', '5473ffe3-0c58-4215-88d3-f4e3c72274f9', 'PRV-815C', '2026-04-25 12:55:01.58635');
INSERT INTO public.role_privileges_v2 (id, role_id, privilege_id, created_at) VALUES ('33bc024c-6ee5-4efe-bdf6-00c8f5d1c03a', '5473ffe3-0c58-4215-88d3-f4e3c72274f9', 'PRV-965B', '2026-04-25 12:55:01.58635');
INSERT INTO public.role_privileges_v2 (id, role_id, privilege_id, created_at) VALUES ('a39b04d4-8878-44f6-88aa-c843a8cc0b03', '5473ffe3-0c58-4215-88d3-f4e3c72274f9', 'PRV-0F3D', '2026-04-25 12:55:01.58635');
INSERT INTO public.role_privileges_v2 (id, role_id, privilege_id, created_at) VALUES ('abbf80fd-03a9-4453-b70e-d7cffab32cf3', '5473ffe3-0c58-4215-88d3-f4e3c72274f9', 'PRV-2854', '2026-04-25 12:55:01.58635');
INSERT INTO public.role_privileges_v2 (id, role_id, privilege_id, created_at) VALUES ('de878cdb-1e90-4665-ba99-bd34749385f7', '5473ffe3-0c58-4215-88d3-f4e3c72274f9', 'PRV-5F27', '2026-04-25 12:55:01.58635');
INSERT INTO public.role_privileges_v2 (id, role_id, privilege_id, created_at) VALUES ('f803fd94-ddd7-4cbd-9597-a061ce88f036', '5473ffe3-0c58-4215-88d3-f4e3c72274f9', 'PRV-5F57', '2026-04-25 12:55:01.58635');
INSERT INTO public.role_privileges_v2 (id, role_id, privilege_id, created_at) VALUES ('3d2db96e-b464-4a8d-8ec8-7e8054f3197b', '5473ffe3-0c58-4215-88d3-f4e3c72274f9', 'PRV-B0CB', '2026-04-25 12:55:01.58635');
INSERT INTO public.role_privileges_v2 (id, role_id, privilege_id, created_at) VALUES ('18a3c05e-b31c-4390-9a08-eeaba9a69d33', '5473ffe3-0c58-4215-88d3-f4e3c72274f9', 'PRV-4098', '2026-04-25 12:55:01.58635');
INSERT INTO public.role_privileges_v2 (id, role_id, privilege_id, created_at) VALUES ('9c6466a1-59cc-424e-9670-3e988171c164', '5473ffe3-0c58-4215-88d3-f4e3c72274f9', 'PRV-3144', '2026-04-25 12:55:01.58635');
INSERT INTO public.role_privileges_v2 (id, role_id, privilege_id, created_at) VALUES ('bbfebf32-ef55-4529-9313-6b5ca7691d36', '5473ffe3-0c58-4215-88d3-f4e3c72274f9', 'PRV-A1F1', '2026-04-25 12:55:01.58635');
INSERT INTO public.role_privileges_v2 (id, role_id, privilege_id, created_at) VALUES ('d597b2bb-a969-411f-9650-7a2f21104044', '5473ffe3-0c58-4215-88d3-f4e3c72274f9', 'PRV-3EDF', '2026-04-25 12:55:01.58635');
INSERT INTO public.role_privileges_v2 (id, role_id, privilege_id, created_at) VALUES ('6a76a31c-9fef-4a85-82a8-e5318f6d9eef', '5473ffe3-0c58-4215-88d3-f4e3c72274f9', 'PRV-5BA7', '2026-04-25 12:55:01.58635');
INSERT INTO public.role_privileges_v2 (id, role_id, privilege_id, created_at) VALUES ('ab707d31-c250-4c4a-b179-6e289808476d', '5473ffe3-0c58-4215-88d3-f4e3c72274f9', 'PRV-2D99', '2026-04-25 12:55:01.58635');
INSERT INTO public.role_privileges_v2 (id, role_id, privilege_id, created_at) VALUES ('4ce65b4c-dda6-4236-9c49-b13f63e0ab1f', '5473ffe3-0c58-4215-88d3-f4e3c72274f9', 'PRV-00BF', '2026-04-25 12:55:01.58635');
INSERT INTO public.role_privileges_v2 (id, role_id, privilege_id, created_at) VALUES ('441a530b-607e-45cb-babb-a0b006d8ad2c', '5473ffe3-0c58-4215-88d3-f4e3c72274f9', 'PRV-8533', '2026-04-25 12:55:01.58635');
INSERT INTO public.role_privileges_v2 (id, role_id, privilege_id, created_at) VALUES ('020314f2-3816-4222-bd20-f171ab423203', '5473ffe3-0c58-4215-88d3-f4e3c72274f9', 'PRV-8539', '2026-04-25 12:55:01.58635');
INSERT INTO public.role_privileges_v2 (id, role_id, privilege_id, created_at) VALUES ('7744d0a2-4d7b-4e67-b78b-e02f3d1697ef', '5473ffe3-0c58-4215-88d3-f4e3c72274f9', 'PRV-C2A5', '2026-04-25 12:55:01.58635');
INSERT INTO public.role_privileges_v2 (id, role_id, privilege_id, created_at) VALUES ('7eeb08d3-a3f9-4c1a-a66f-85cebedc364b', '5473ffe3-0c58-4215-88d3-f4e3c72274f9', 'PRV-836F', '2026-04-25 12:55:01.58635');
INSERT INTO public.role_privileges_v2 (id, role_id, privilege_id, created_at) VALUES ('1717b45d-c7f6-4561-ad26-35c645bfa95f', '5473ffe3-0c58-4215-88d3-f4e3c72274f9', 'PRV-BBC7', '2026-04-25 12:55:01.58635');
INSERT INTO public.role_privileges_v2 (id, role_id, privilege_id, created_at) VALUES ('9396690c-0f57-46af-950b-8af426e36671', '5473ffe3-0c58-4215-88d3-f4e3c72274f9', 'PRV-2B32', '2026-04-25 12:55:01.58635');
INSERT INTO public.role_privileges_v2 (id, role_id, privilege_id, created_at) VALUES ('ea9077eb-7141-4e47-beab-bcac30742e6f', '5473ffe3-0c58-4215-88d3-f4e3c72274f9', 'PRV-EC45', '2026-04-25 12:55:01.58635');
INSERT INTO public.role_privileges_v2 (id, role_id, privilege_id, created_at) VALUES ('1483ea3e-2012-4f7f-9f4d-eb2b0dab16b0', '5473ffe3-0c58-4215-88d3-f4e3c72274f9', 'PRV-3692', '2026-04-25 12:55:01.58635');
INSERT INTO public.role_privileges_v2 (id, role_id, privilege_id, created_at) VALUES ('28434500-d942-4d42-9a7d-d38bcddb15bc', '5473ffe3-0c58-4215-88d3-f4e3c72274f9', 'PRV-9C7A', '2026-04-25 12:55:01.58635');
INSERT INTO public.role_privileges_v2 (id, role_id, privilege_id, created_at) VALUES ('83c1ebe8-e5f9-4737-b49b-8943bf4398f7', '5473ffe3-0c58-4215-88d3-f4e3c72274f9', 'PRV-5CFB', '2026-04-25 12:55:01.58635');
INSERT INTO public.role_privileges_v2 (id, role_id, privilege_id, created_at) VALUES ('67a0ae37-a504-4b67-a7de-f22cad6a01ef', '5473ffe3-0c58-4215-88d3-f4e3c72274f9', 'PRV-B28B', '2026-04-25 12:55:01.58635');
INSERT INTO public.role_privileges_v2 (id, role_id, privilege_id, created_at) VALUES ('f3cfe174-da57-44e0-acfb-0979cbb667d1', '5473ffe3-0c58-4215-88d3-f4e3c72274f9', 'PRV-51DC', '2026-04-25 12:55:01.58635');
INSERT INTO public.role_privileges_v2 (id, role_id, privilege_id, created_at) VALUES ('017cebd6-f415-42d5-8706-b54f822f0c7d', '5473ffe3-0c58-4215-88d3-f4e3c72274f9', 'PRV-8236', '2026-04-25 12:55:01.58635');
INSERT INTO public.role_privileges_v2 (id, role_id, privilege_id, created_at) VALUES ('d08284a3-5dcd-48a8-b323-a252a6b35f93', '5473ffe3-0c58-4215-88d3-f4e3c72274f9', 'PRV-58EE', '2026-04-25 12:55:01.58635');
INSERT INTO public.role_privileges_v2 (id, role_id, privilege_id, created_at) VALUES ('287a91e1-5b6f-4a13-8744-91587a6f771f', '5473ffe3-0c58-4215-88d3-f4e3c72274f9', 'PRV-4D01', '2026-04-25 12:55:01.58635');
INSERT INTO public.role_privileges_v2 (id, role_id, privilege_id, created_at) VALUES ('78a0f701-a2d3-49bd-b5f1-3e4bece1667e', '5473ffe3-0c58-4215-88d3-f4e3c72274f9', 'PRV-C2C4', '2026-04-25 12:55:01.58635');
INSERT INTO public.role_privileges_v2 (id, role_id, privilege_id, created_at) VALUES ('9d7b2671-15ff-46c6-b486-cc7e348a8159', '5473ffe3-0c58-4215-88d3-f4e3c72274f9', 'PRV-2231', '2026-04-25 12:55:01.58635');
INSERT INTO public.role_privileges_v2 (id, role_id, privilege_id, created_at) VALUES ('9bf7f7b2-61bf-47e8-a659-5c4323e864be', '5473ffe3-0c58-4215-88d3-f4e3c72274f9', 'PRV-583F', '2026-04-25 12:55:01.58635');
INSERT INTO public.role_privileges_v2 (id, role_id, privilege_id, created_at) VALUES ('4c9e3edb-e741-48db-bd29-675604815a9c', '5473ffe3-0c58-4215-88d3-f4e3c72274f9', 'PRV-7F94', '2026-04-25 12:55:01.58635');
INSERT INTO public.role_privileges_v2 (id, role_id, privilege_id, created_at) VALUES ('f42560cc-e83c-4c4a-af98-489e8267272d', '5473ffe3-0c58-4215-88d3-f4e3c72274f9', 'PRV-7D33', '2026-04-25 12:55:01.58635');
INSERT INTO public.role_privileges_v2 (id, role_id, privilege_id, created_at) VALUES ('0f9d5f94-73e6-4368-a72a-a55395ef8a33', '5473ffe3-0c58-4215-88d3-f4e3c72274f9', 'PRV-2257', '2026-04-25 12:55:01.58635');
INSERT INTO public.role_privileges_v2 (id, role_id, privilege_id, created_at) VALUES ('6b2a3078-c204-4e02-8f36-84446760f9fa', '5473ffe3-0c58-4215-88d3-f4e3c72274f9', 'PRV-AB18', '2026-04-25 12:55:01.58635');
INSERT INTO public.role_privileges_v2 (id, role_id, privilege_id, created_at) VALUES ('b55c068e-a18d-43a3-ac57-053afc7c0b19', '5473ffe3-0c58-4215-88d3-f4e3c72274f9', 'PRV-1ADF', '2026-04-25 12:55:01.58635');
INSERT INTO public.role_privileges_v2 (id, role_id, privilege_id, created_at) VALUES ('cf3c531a-8260-46d2-9b04-fcc1fd392d0b', '5473ffe3-0c58-4215-88d3-f4e3c72274f9', 'PRV-2CB5', '2026-04-25 12:55:01.58635');
INSERT INTO public.role_privileges_v2 (id, role_id, privilege_id, created_at) VALUES ('68c224c7-23ff-4509-a8ea-af78c65e5a53', '5473ffe3-0c58-4215-88d3-f4e3c72274f9', 'PRV-C70B', '2026-04-25 12:55:01.58635');
INSERT INTO public.role_privileges_v2 (id, role_id, privilege_id, created_at) VALUES ('5eebcf5e-d771-4eb7-b531-c63ce858ab28', '5473ffe3-0c58-4215-88d3-f4e3c72274f9', 'PRV-2CAD', '2026-04-25 12:55:01.58635');
INSERT INTO public.role_privileges_v2 (id, role_id, privilege_id, created_at) VALUES ('8bcf8167-d37d-4b2b-82bc-aab70b80316c', '5473ffe3-0c58-4215-88d3-f4e3c72274f9', 'PRV-39BD', '2026-04-25 12:55:01.58635');
INSERT INTO public.role_privileges_v2 (id, role_id, privilege_id, created_at) VALUES ('0116c02f-6b9e-49b9-afc7-29632ab2581a', '5473ffe3-0c58-4215-88d3-f4e3c72274f9', 'PRV-CD7E', '2026-04-25 12:55:01.58635');
INSERT INTO public.role_privileges_v2 (id, role_id, privilege_id, created_at) VALUES ('2a056a57-be9c-4298-aa8f-fa1c00c0e24b', '5473ffe3-0c58-4215-88d3-f4e3c72274f9', 'PRV-12CB', '2026-04-25 12:55:01.58635');
INSERT INTO public.role_privileges_v2 (id, role_id, privilege_id, created_at) VALUES ('34c04bbf-e9c6-48ae-86bb-4cdfc79a827b', '5473ffe3-0c58-4215-88d3-f4e3c72274f9', 'PRV-2BD4', '2026-04-25 12:55:01.58635');
INSERT INTO public.role_privileges_v2 (id, role_id, privilege_id, created_at) VALUES ('10462cd6-b1b3-445d-bcc0-df97c9aa2dc7', '5473ffe3-0c58-4215-88d3-f4e3c72274f9', 'PRV-F9D5', '2026-04-25 12:55:01.58635');
INSERT INTO public.role_privileges_v2 (id, role_id, privilege_id, created_at) VALUES ('2a56142b-1331-42aa-a1b4-ab39c01c029e', '5473ffe3-0c58-4215-88d3-f4e3c72274f9', 'PRV-8ECD', '2026-04-25 12:55:01.58635');
INSERT INTO public.role_privileges_v2 (id, role_id, privilege_id, created_at) VALUES ('afddab21-82e3-46a9-8ad4-607fc89ad8c7', '5473ffe3-0c58-4215-88d3-f4e3c72274f9', 'PRV-F021', '2026-04-25 12:55:01.58635');
INSERT INTO public.role_privileges_v2 (id, role_id, privilege_id, created_at) VALUES ('d8611ebb-5b8f-4e38-8f4e-fb1bc28e31a0', '5473ffe3-0c58-4215-88d3-f4e3c72274f9', 'PRV-2344', '2026-04-25 12:55:01.58635');
INSERT INTO public.role_privileges_v2 (id, role_id, privilege_id, created_at) VALUES ('368c5750-16c2-408c-b120-3843fee71829', '5473ffe3-0c58-4215-88d3-f4e3c72274f9', 'PRV-C307', '2026-04-25 12:55:01.58635');
INSERT INTO public.role_privileges_v2 (id, role_id, privilege_id, created_at) VALUES ('8664e082-9b46-4b70-8fa6-bbd7a564ec31', '5473ffe3-0c58-4215-88d3-f4e3c72274f9', 'PRV-C833', '2026-04-25 12:55:01.58635');
INSERT INTO public.role_privileges_v2 (id, role_id, privilege_id, created_at) VALUES ('c3c2ba96-bfba-4c71-8d4d-77e5ef92aa91', '5473ffe3-0c58-4215-88d3-f4e3c72274f9', 'PRV-BC20', '2026-04-25 12:55:01.58635');
INSERT INTO public.role_privileges_v2 (id, role_id, privilege_id, created_at) VALUES ('2ba494a6-671d-43a2-91d8-73b1bc408a9f', '5473ffe3-0c58-4215-88d3-f4e3c72274f9', 'PRV-7083', '2026-04-25 12:55:01.58635');
INSERT INTO public.role_privileges_v2 (id, role_id, privilege_id, created_at) VALUES ('85763aac-9291-401d-88f8-05d969f84766', '5473ffe3-0c58-4215-88d3-f4e3c72274f9', 'PRV-7464', '2026-04-25 12:55:01.58635');
INSERT INTO public.role_privileges_v2 (id, role_id, privilege_id, created_at) VALUES ('17dbae41-19a7-4965-bed8-b70e685a7386', '5473ffe3-0c58-4215-88d3-f4e3c72274f9', 'PRV-95E8', '2026-04-25 12:55:01.58635');
INSERT INTO public.role_privileges_v2 (id, role_id, privilege_id, created_at) VALUES ('4d94c17b-b24c-417a-af18-728eec98846b', '5473ffe3-0c58-4215-88d3-f4e3c72274f9', 'PRV-B713', '2026-04-25 12:55:01.58635');
INSERT INTO public.role_privileges_v2 (id, role_id, privilege_id, created_at) VALUES ('604129c6-c204-42ec-9373-4e6a91cff99e', '5473ffe3-0c58-4215-88d3-f4e3c72274f9', 'PRV-8AE7', '2026-04-25 12:55:01.58635');
INSERT INTO public.role_privileges_v2 (id, role_id, privilege_id, created_at) VALUES ('b42fdcac-51db-4f49-a260-204a6e6cc716', '5473ffe3-0c58-4215-88d3-f4e3c72274f9', 'PRV-C548', '2026-04-25 12:55:01.58635');
INSERT INTO public.role_privileges_v2 (id, role_id, privilege_id, created_at) VALUES ('a9be3c44-f195-49ea-8c00-a329ac9768a5', '5473ffe3-0c58-4215-88d3-f4e3c72274f9', 'PRV-9D38', '2026-04-25 12:55:01.58635');
INSERT INTO public.role_privileges_v2 (id, role_id, privilege_id, created_at) VALUES ('92dbcd75-0125-4edc-bef7-7679e2b0f841', '5473ffe3-0c58-4215-88d3-f4e3c72274f9', 'PRV-076F', '2026-04-25 12:55:01.58635');
INSERT INTO public.role_privileges_v2 (id, role_id, privilege_id, created_at) VALUES ('a78ba4c2-32f8-4c44-9cc0-d3f109f6e717', '5473ffe3-0c58-4215-88d3-f4e3c72274f9', 'PRV-5A7A', '2026-04-25 12:55:01.58635');
INSERT INTO public.role_privileges_v2 (id, role_id, privilege_id, created_at) VALUES ('4246f898-e73d-47f6-829a-96d838c4edd4', '5473ffe3-0c58-4215-88d3-f4e3c72274f9', 'PRV-AC67', '2026-04-25 12:55:01.58635');
INSERT INTO public.role_privileges_v2 (id, role_id, privilege_id, created_at) VALUES ('2713f559-1a0b-479d-a5fd-4ae73a4eea30', '5473ffe3-0c58-4215-88d3-f4e3c72274f9', 'PRV-2763', '2026-04-25 12:55:01.58635');
INSERT INTO public.role_privileges_v2 (id, role_id, privilege_id, created_at) VALUES ('c379595c-5d84-47f1-b574-8049e433b133', '5473ffe3-0c58-4215-88d3-f4e3c72274f9', 'PRV-CF9C', '2026-04-25 12:55:01.58635');
INSERT INTO public.role_privileges_v2 (id, role_id, privilege_id, created_at) VALUES ('8cfdc78d-ed5c-48fe-a704-65e7c1fc7d4b', '5473ffe3-0c58-4215-88d3-f4e3c72274f9', 'PRV-0165', '2026-04-25 12:55:01.58635');
INSERT INTO public.role_privileges_v2 (id, role_id, privilege_id, created_at) VALUES ('32b8a530-8f3e-41e2-bbe5-abadf12ad4ec', '5473ffe3-0c58-4215-88d3-f4e3c72274f9', 'PRV-E613', '2026-04-25 12:55:01.58635');
INSERT INTO public.role_privileges_v2 (id, role_id, privilege_id, created_at) VALUES ('275fc467-379c-4461-b6c9-3fb70a62504d', '5473ffe3-0c58-4215-88d3-f4e3c72274f9', 'PRV-100', '2026-04-25 12:55:01.58635');
INSERT INTO public.role_privileges_v2 (id, role_id, privilege_id, created_at) VALUES ('de508e5d-7ec5-420c-849f-1c058af3e2c8', '5473ffe3-0c58-4215-88d3-f4e3c72274f9', 'PRV-101', '2026-04-25 12:55:01.58635');
INSERT INTO public.role_privileges_v2 (id, role_id, privilege_id, created_at) VALUES ('9a195f66-9a71-4938-b23d-fa2d5b25b958', '5473ffe3-0c58-4215-88d3-f4e3c72274f9', 'PRV-143', '2026-04-25 12:55:01.58635');
INSERT INTO public.role_privileges_v2 (id, role_id, privilege_id, created_at) VALUES ('46fd32a9-c771-4fc1-bf3a-10ffd86c3095', '5473ffe3-0c58-4215-88d3-f4e3c72274f9', 'PRV-144', '2026-04-25 12:55:01.58635');
INSERT INTO public.role_privileges_v2 (id, role_id, privilege_id, created_at) VALUES ('5d5d05cb-9871-47aa-82df-36cf69388edf', '5473ffe3-0c58-4215-88d3-f4e3c72274f9', 'PRV-162', '2026-04-25 12:55:01.58635');
INSERT INTO public.role_privileges_v2 (id, role_id, privilege_id, created_at) VALUES ('66d35fa6-a63c-471b-a83c-26195c05c704', '5473ffe3-0c58-4215-88d3-f4e3c72274f9', 'PRV-181', '2026-04-25 12:55:01.58635');
INSERT INTO public.role_privileges_v2 (id, role_id, privilege_id, created_at) VALUES ('c8a647eb-a6d0-44a1-822c-f1f2049601e4', '5473ffe3-0c58-4215-88d3-f4e3c72274f9', 'PRV-182', '2026-04-25 12:55:01.58635');
INSERT INTO public.role_privileges_v2 (id, role_id, privilege_id, created_at) VALUES ('588bf8b9-c41d-43e5-840b-6dbe0540abfa', '5473ffe3-0c58-4215-88d3-f4e3c72274f9', 'PRV-183', '2026-04-25 12:55:01.58635');
INSERT INTO public.role_privileges_v2 (id, role_id, privilege_id, created_at) VALUES ('0cced802-cece-418e-b94e-8386fe9259c3', '5473ffe3-0c58-4215-88d3-f4e3c72274f9', 'PRV-184', '2026-04-25 12:55:01.58635');
INSERT INTO public.role_privileges_v2 (id, role_id, privilege_id, created_at) VALUES ('374eb42a-ad46-4bd0-88f5-05fb5f31c5be', '5473ffe3-0c58-4215-88d3-f4e3c72274f9', 'PRV-185', '2026-04-25 12:55:01.58635');
INSERT INTO public.role_privileges_v2 (id, role_id, privilege_id, created_at) VALUES ('7b8fc9c1-a024-4898-b682-4eb5335830cc', '5473ffe3-0c58-4215-88d3-f4e3c72274f9', 'PRV-186', '2026-04-25 12:55:01.58635');
INSERT INTO public.role_privileges_v2 (id, role_id, privilege_id, created_at) VALUES ('eb165663-e166-48bb-a6bb-111a72414d22', '5473ffe3-0c58-4215-88d3-f4e3c72274f9', 'PRV-187', '2026-04-25 12:55:01.58635');
INSERT INTO public.role_privileges_v2 (id, role_id, privilege_id, created_at) VALUES ('2bd1f1f4-e5bf-458e-b642-460367c85008', '5473ffe3-0c58-4215-88d3-f4e3c72274f9', 'PRV-188', '2026-04-25 12:55:01.58635');
INSERT INTO public.role_privileges_v2 (id, role_id, privilege_id, created_at) VALUES ('8a873dba-bbfb-449a-88ab-2ef014e7f2ea', '5473ffe3-0c58-4215-88d3-f4e3c72274f9', 'PRV-189', '2026-04-25 12:55:01.58635');
INSERT INTO public.role_privileges_v2 (id, role_id, privilege_id, created_at) VALUES ('108f6909-9426-4cd4-96c3-aa4182b9fc6e', '5473ffe3-0c58-4215-88d3-f4e3c72274f9', 'PRV-190', '2026-04-25 12:55:01.58635');
INSERT INTO public.role_privileges_v2 (id, role_id, privilege_id, created_at) VALUES ('967fa6ce-5337-4210-89fe-fe39fee97c35', '5473ffe3-0c58-4215-88d3-f4e3c72274f9', 'PRV-191', '2026-04-25 12:55:01.58635');
INSERT INTO public.role_privileges_v2 (id, role_id, privilege_id, created_at) VALUES ('b3d93d87-8eec-4929-9f1c-3c5f4c9ef5af', '5473ffe3-0c58-4215-88d3-f4e3c72274f9', 'PRV-192', '2026-04-25 12:55:01.58635');
INSERT INTO public.role_privileges_v2 (id, role_id, privilege_id, created_at) VALUES ('883a967a-b030-489a-b54a-5c2f7587a56f', '5473ffe3-0c58-4215-88d3-f4e3c72274f9', 'PRV-193', '2026-04-25 12:55:01.58635');
INSERT INTO public.role_privileges_v2 (id, role_id, privilege_id, created_at) VALUES ('740cb0cf-f005-47dd-994c-89468274e273', '5473ffe3-0c58-4215-88d3-f4e3c72274f9', 'PRV-194', '2026-04-25 12:55:01.58635');
INSERT INTO public.role_privileges_v2 (id, role_id, privilege_id, created_at) VALUES ('fbf47274-4f63-497a-86c6-c3ebe14bc5ea', '5473ffe3-0c58-4215-88d3-f4e3c72274f9', 'PRV-195', '2026-04-25 12:55:01.58635');
INSERT INTO public.role_privileges_v2 (id, role_id, privilege_id, created_at) VALUES ('76ca6e41-8d38-43da-bd70-8817ca95eba6', '5473ffe3-0c58-4215-88d3-f4e3c72274f9', 'PRV-196', '2026-04-25 12:55:01.58635');
INSERT INTO public.role_privileges_v2 (id, role_id, privilege_id, created_at) VALUES ('f8ef911f-c4d2-4184-84c5-d9bde2756c23', '5473ffe3-0c58-4215-88d3-f4e3c72274f9', 'PRV-197', '2026-04-25 12:55:01.58635');
INSERT INTO public.role_privileges_v2 (id, role_id, privilege_id, created_at) VALUES ('8b9bc18d-e3c2-47f3-9c3a-0ea1c5277271', '5473ffe3-0c58-4215-88d3-f4e3c72274f9', 'PRV-198', '2026-04-25 12:55:01.58635');
INSERT INTO public.role_privileges_v2 (id, role_id, privilege_id, created_at) VALUES ('07eb0397-ece3-46ef-8b8c-3e29544e8d83', '5473ffe3-0c58-4215-88d3-f4e3c72274f9', 'PRV-199', '2026-04-25 12:55:01.58635');
INSERT INTO public.role_privileges_v2 (id, role_id, privilege_id, created_at) VALUES ('78b3dbc4-1719-4ee2-a36e-46ddb3dd99e1', '5473ffe3-0c58-4215-88d3-f4e3c72274f9', 'PRV-200', '2026-04-25 12:55:01.58635');
INSERT INTO public.role_privileges_v2 (id, role_id, privilege_id, created_at) VALUES ('e282806b-22c1-4694-af42-b8a64db410f1', '5473ffe3-0c58-4215-88d3-f4e3c72274f9', 'PRV-201', '2026-04-25 12:55:01.58635');
INSERT INTO public.role_privileges_v2 (id, role_id, privilege_id, created_at) VALUES ('068f2cc5-91bf-4b19-8e9f-8185c0236c13', '5473ffe3-0c58-4215-88d3-f4e3c72274f9', 'PRV-202', '2026-04-25 12:55:01.58635');
INSERT INTO public.role_privileges_v2 (id, role_id, privilege_id, created_at) VALUES ('766e7f7e-57bc-4a75-9533-2dd23d5ed06d', '5473ffe3-0c58-4215-88d3-f4e3c72274f9', 'PRV-203', '2026-04-25 12:55:01.58635');
INSERT INTO public.role_privileges_v2 (id, role_id, privilege_id, created_at) VALUES ('1fb98b44-9667-4081-b232-53f3541c6cc3', '5473ffe3-0c58-4215-88d3-f4e3c72274f9', 'PRV-204', '2026-04-25 12:55:01.58635');
INSERT INTO public.role_privileges_v2 (id, role_id, privilege_id, created_at) VALUES ('185b2f9f-0e88-49f7-af5b-f8c93604d927', '5473ffe3-0c58-4215-88d3-f4e3c72274f9', 'PRV-205', '2026-04-25 12:55:01.58635');
INSERT INTO public.role_privileges_v2 (id, role_id, privilege_id, created_at) VALUES ('0f6fd166-ba19-43ff-bce3-749f3fc07fb7', '5473ffe3-0c58-4215-88d3-f4e3c72274f9', 'PRV-206', '2026-04-25 12:55:01.58635');
INSERT INTO public.role_privileges_v2 (id, role_id, privilege_id, created_at) VALUES ('0c7be441-7b4a-4f7a-a8ea-03c9bf485887', '5473ffe3-0c58-4215-88d3-f4e3c72274f9', 'PRV-207', '2026-04-25 12:55:01.58635');
INSERT INTO public.role_privileges_v2 (id, role_id, privilege_id, created_at) VALUES ('f02bc71b-f1d2-4e44-9eb0-27e1abb5dbb4', '5473ffe3-0c58-4215-88d3-f4e3c72274f9', 'PRV-208', '2026-04-25 12:55:01.58635');
INSERT INTO public.role_privileges_v2 (id, role_id, privilege_id, created_at) VALUES ('3a9b8b7c-986c-4b33-b47f-3df18efd7623', '5473ffe3-0c58-4215-88d3-f4e3c72274f9', 'PRV-209', '2026-04-25 12:55:01.58635');
INSERT INTO public.role_privileges_v2 (id, role_id, privilege_id, created_at) VALUES ('0da7e456-98c3-429f-afc3-5cfecd005246', '5473ffe3-0c58-4215-88d3-f4e3c72274f9', 'PRV-210', '2026-04-25 12:55:01.58635');
INSERT INTO public.role_privileges_v2 (id, role_id, privilege_id, created_at) VALUES ('adbb1135-b68e-4dde-ace5-0b75b902cf14', '5473ffe3-0c58-4215-88d3-f4e3c72274f9', 'PRV-211', '2026-04-25 12:55:01.58635');
INSERT INTO public.role_privileges_v2 (id, role_id, privilege_id, created_at) VALUES ('f6d9b427-3ebc-4861-b6ff-a2634fbb6aff', '5473ffe3-0c58-4215-88d3-f4e3c72274f9', 'PRV-212', '2026-04-25 12:55:01.58635');
INSERT INTO public.role_privileges_v2 (id, role_id, privilege_id, created_at) VALUES ('c8c03d4b-15ce-471d-ab0f-884672c7274b', '5473ffe3-0c58-4215-88d3-f4e3c72274f9', 'PRV-213', '2026-04-25 12:55:01.58635');
INSERT INTO public.role_privileges_v2 (id, role_id, privilege_id, created_at) VALUES ('13ba5357-70ff-49be-977b-cc3f7f6999ee', '5473ffe3-0c58-4215-88d3-f4e3c72274f9', 'PRV-222', '2026-04-25 12:55:01.58635');
INSERT INTO public.role_privileges_v2 (id, role_id, privilege_id, created_at) VALUES ('c5b8bff4-fcaa-406b-aa41-229f0c06e93f', '5473ffe3-0c58-4215-88d3-f4e3c72274f9', 'PRV-239', '2026-04-25 12:55:01.58635');
INSERT INTO public.role_privileges_v2 (id, role_id, privilege_id, created_at) VALUES ('5106f23d-f8ed-4748-a955-b4f6ad77eda1', '5473ffe3-0c58-4215-88d3-f4e3c72274f9', 'PRV-240', '2026-04-25 12:55:01.58635');
INSERT INTO public.role_privileges_v2 (id, role_id, privilege_id, created_at) VALUES ('914470c5-a5d1-41a1-bfed-34aacae9648e', '5473ffe3-0c58-4215-88d3-f4e3c72274f9', 'PRV-241', '2026-04-25 12:55:01.58635');
INSERT INTO public.role_privileges_v2 (id, role_id, privilege_id, created_at) VALUES ('7b6c13bc-7afc-4d3c-bd58-b1ff16b42b3e', '5473ffe3-0c58-4215-88d3-f4e3c72274f9', 'PRV-242', '2026-04-25 12:55:01.58635');
INSERT INTO public.role_privileges_v2 (id, role_id, privilege_id, created_at) VALUES ('77736257-c065-4aae-8ea3-e1df1d9444c4', '5473ffe3-0c58-4215-88d3-f4e3c72274f9', 'PRV-243', '2026-04-25 12:55:01.58635');
INSERT INTO public.role_privileges_v2 (id, role_id, privilege_id, created_at) VALUES ('17f8018d-4a93-469c-a2bb-dcc6bba7baf3', '5473ffe3-0c58-4215-88d3-f4e3c72274f9', 'PRV-244', '2026-04-25 12:55:01.58635');
INSERT INTO public.role_privileges_v2 (id, role_id, privilege_id, created_at) VALUES ('0953208f-9dd7-4c67-8a97-eea1c84f594e', '5473ffe3-0c58-4215-88d3-f4e3c72274f9', 'PRV-245', '2026-04-25 12:55:01.58635');
INSERT INTO public.role_privileges_v2 (id, role_id, privilege_id, created_at) VALUES ('bb75fc50-e28a-4a61-9d20-f0d2dc5227d8', '5473ffe3-0c58-4215-88d3-f4e3c72274f9', 'PRV-246', '2026-04-25 12:55:01.58635');
INSERT INTO public.role_privileges_v2 (id, role_id, privilege_id, created_at) VALUES ('59af38af-6472-45f9-bbc4-7369d91ee04b', '5473ffe3-0c58-4215-88d3-f4e3c72274f9', 'PRV-247', '2026-04-25 12:55:01.58635');
INSERT INTO public.role_privileges_v2 (id, role_id, privilege_id, created_at) VALUES ('7f8b5c24-2aa9-4d52-801b-3f4cbbef533d', '5473ffe3-0c58-4215-88d3-f4e3c72274f9', 'PRV-248', '2026-04-25 12:55:01.58635');
INSERT INTO public.role_privileges_v2 (id, role_id, privilege_id, created_at) VALUES ('1d954011-c025-49a1-b3f2-9999515e31b8', '5473ffe3-0c58-4215-88d3-f4e3c72274f9', 'PRV-249', '2026-04-25 12:55:01.58635');
INSERT INTO public.role_privileges_v2 (id, role_id, privilege_id, created_at) VALUES ('98f3a9eb-643f-47f3-99fe-10484b755091', '5473ffe3-0c58-4215-88d3-f4e3c72274f9', 'PRV-250', '2026-04-25 12:55:01.58635');
INSERT INTO public.role_privileges_v2 (id, role_id, privilege_id, created_at) VALUES ('ff82048f-a394-4d9d-8e91-b0bc8f25c24c', '5473ffe3-0c58-4215-88d3-f4e3c72274f9', 'PRV-251', '2026-04-25 12:55:01.58635');
INSERT INTO public.role_privileges_v2 (id, role_id, privilege_id, created_at) VALUES ('e3516543-2aca-4a70-b6a8-23514c2dc899', '5473ffe3-0c58-4215-88d3-f4e3c72274f9', 'PRV-252', '2026-04-25 12:55:01.58635');
INSERT INTO public.role_privileges_v2 (id, role_id, privilege_id, created_at) VALUES ('a0fcfc38-c4ae-48f5-8d97-a31ad5cf7575', '5473ffe3-0c58-4215-88d3-f4e3c72274f9', 'PRV-253', '2026-04-25 12:55:01.58635');
INSERT INTO public.role_privileges_v2 (id, role_id, privilege_id, created_at) VALUES ('08e9496d-8aea-4f25-9b8a-44c7521bc802', '5473ffe3-0c58-4215-88d3-f4e3c72274f9', 'PRV-254', '2026-04-25 12:55:01.58635');
INSERT INTO public.role_privileges_v2 (id, role_id, privilege_id, created_at) VALUES ('7de143fc-2775-4134-883a-d33666f80912', '5473ffe3-0c58-4215-88d3-f4e3c72274f9', 'PRV-255', '2026-04-25 12:55:01.58635');
INSERT INTO public.role_privileges_v2 (id, role_id, privilege_id, created_at) VALUES ('1538f36c-491e-45e8-97e3-e49eb480131b', '5473ffe3-0c58-4215-88d3-f4e3c72274f9', 'PRV-256', '2026-04-25 12:55:01.58635');
INSERT INTO public.role_privileges_v2 (id, role_id, privilege_id, created_at) VALUES ('6080edb4-17ef-47ed-8da9-3a255828c9b6', '5473ffe3-0c58-4215-88d3-f4e3c72274f9', 'PRV-257', '2026-04-25 12:55:01.58635');
INSERT INTO public.role_privileges_v2 (id, role_id, privilege_id, created_at) VALUES ('1f7914dd-5d19-416f-9988-3828eba9b89c', '5473ffe3-0c58-4215-88d3-f4e3c72274f9', 'PRV-258', '2026-04-25 12:55:01.58635');
INSERT INTO public.role_privileges_v2 (id, role_id, privilege_id, created_at) VALUES ('0ee1368b-af80-437a-aa23-2f9857d936d9', '5473ffe3-0c58-4215-88d3-f4e3c72274f9', 'PRV-259', '2026-04-25 12:55:01.58635');
INSERT INTO public.role_privileges_v2 (id, role_id, privilege_id, created_at) VALUES ('119fdb48-c407-4c5d-9633-d7b79a41ce33', '5473ffe3-0c58-4215-88d3-f4e3c72274f9', 'PRV-260', '2026-04-25 12:55:01.58635');
INSERT INTO public.role_privileges_v2 (id, role_id, privilege_id, created_at) VALUES ('acabc75c-1ef2-458d-8bee-125310540358', '5473ffe3-0c58-4215-88d3-f4e3c72274f9', 'PRV-261', '2026-04-25 12:55:01.58635');
INSERT INTO public.role_privileges_v2 (id, role_id, privilege_id, created_at) VALUES ('0f1ceecf-3af0-49ad-a618-a27609ca46aa', '5473ffe3-0c58-4215-88d3-f4e3c72274f9', 'PRV-262', '2026-04-25 12:55:01.58635');
INSERT INTO public.role_privileges_v2 (id, role_id, privilege_id, created_at) VALUES ('84aba693-ce0d-4197-a8fc-11eccfc0f9af', '5473ffe3-0c58-4215-88d3-f4e3c72274f9', 'PRV-263', '2026-04-25 12:55:01.58635');
INSERT INTO public.role_privileges_v2 (id, role_id, privilege_id, created_at) VALUES ('ef86f64c-14ca-4fb8-b299-5d0f8c7fc824', '5473ffe3-0c58-4215-88d3-f4e3c72274f9', 'PRV-264', '2026-04-25 12:55:01.58635');
INSERT INTO public.role_privileges_v2 (id, role_id, privilege_id, created_at) VALUES ('aac18c8c-4f24-4e8f-ab2c-ab09ad284d43', '5473ffe3-0c58-4215-88d3-f4e3c72274f9', 'PRV-265', '2026-04-25 12:55:01.58635');
INSERT INTO public.role_privileges_v2 (id, role_id, privilege_id, created_at) VALUES ('c8a602c0-4b0d-46ee-a2b1-865d3ef1bf62', '5473ffe3-0c58-4215-88d3-f4e3c72274f9', 'PRV-266', '2026-04-25 12:55:01.58635');
INSERT INTO public.role_privileges_v2 (id, role_id, privilege_id, created_at) VALUES ('60975a05-d4af-4582-8cde-452fa6d098e3', '5473ffe3-0c58-4215-88d3-f4e3c72274f9', 'PRV-267', '2026-04-25 12:55:01.58635');
INSERT INTO public.role_privileges_v2 (id, role_id, privilege_id, created_at) VALUES ('95b123c4-6198-4bcd-b723-ec6808d09eca', '5473ffe3-0c58-4215-88d3-f4e3c72274f9', 'PRV-268', '2026-04-25 12:55:01.58635');
INSERT INTO public.role_privileges_v2 (id, role_id, privilege_id, created_at) VALUES ('de1c2897-af4a-4c83-9b96-7aee704c1dfa', '5473ffe3-0c58-4215-88d3-f4e3c72274f9', 'PRV-269', '2026-04-25 12:55:01.58635');
INSERT INTO public.role_privileges_v2 (id, role_id, privilege_id, created_at) VALUES ('e4b5326b-5d03-49c4-9b4f-75f8657a1335', '5473ffe3-0c58-4215-88d3-f4e3c72274f9', 'PRV-270', '2026-04-25 12:55:01.58635');
INSERT INTO public.role_privileges_v2 (id, role_id, privilege_id, created_at) VALUES ('86cf2e5c-a2d4-407e-b8e8-8214cebe6395', '5473ffe3-0c58-4215-88d3-f4e3c72274f9', 'PRV-271', '2026-04-25 12:55:01.58635');
INSERT INTO public.role_privileges_v2 (id, role_id, privilege_id, created_at) VALUES ('3369d845-bd40-4140-b0b9-afa8ccee6cbe', '5473ffe3-0c58-4215-88d3-f4e3c72274f9', 'PRV-272', '2026-04-25 12:55:01.58635');
INSERT INTO public.role_privileges_v2 (id, role_id, privilege_id, created_at) VALUES ('eebb784c-fa86-451d-a9d1-f2d00873d3eb', '5473ffe3-0c58-4215-88d3-f4e3c72274f9', 'PRV-273', '2026-04-25 12:55:01.58635');
INSERT INTO public.role_privileges_v2 (id, role_id, privilege_id, created_at) VALUES ('bf92b240-1417-4b7f-8843-09c0ca895222', '5473ffe3-0c58-4215-88d3-f4e3c72274f9', 'PRV-299', '2026-04-25 12:55:01.58635');
INSERT INTO public.role_privileges_v2 (id, role_id, privilege_id, created_at) VALUES ('4a265ef3-51c5-45ef-830c-a06434bea158', '5473ffe3-0c58-4215-88d3-f4e3c72274f9', 'PRV-300', '2026-04-25 12:55:01.58635');
INSERT INTO public.role_privileges_v2 (id, role_id, privilege_id, created_at) VALUES ('2b32ceea-af00-4295-b5dc-780ff9d07e98', '5473ffe3-0c58-4215-88d3-f4e3c72274f9', 'PRV-301', '2026-04-25 12:55:01.58635');
INSERT INTO public.role_privileges_v2 (id, role_id, privilege_id, created_at) VALUES ('5f9bb073-816a-4c4a-be8e-2603904b7528', '5473ffe3-0c58-4215-88d3-f4e3c72274f9', 'PRV-302', '2026-04-25 12:55:01.58635');
INSERT INTO public.role_privileges_v2 (id, role_id, privilege_id, created_at) VALUES ('b3cdf5a0-c9a7-411d-87d1-6795cbb3eebb', '5473ffe3-0c58-4215-88d3-f4e3c72274f9', 'PRV-303', '2026-04-25 12:55:01.58635');
INSERT INTO public.role_privileges_v2 (id, role_id, privilege_id, created_at) VALUES ('fbe3f808-0663-443c-8fe2-dbe7be4c43f7', '5473ffe3-0c58-4215-88d3-f4e3c72274f9', 'PRV-304', '2026-04-25 12:55:01.58635');
INSERT INTO public.role_privileges_v2 (id, role_id, privilege_id, created_at) VALUES ('71ad9e56-e12e-4c3d-b9f0-e2d5e54bc2bf', '5473ffe3-0c58-4215-88d3-f4e3c72274f9', 'PRV-305', '2026-04-25 12:55:01.58635');
INSERT INTO public.role_privileges_v2 (id, role_id, privilege_id, created_at) VALUES ('1d64379f-4d08-4a55-93e9-3e3bc31857ff', '5473ffe3-0c58-4215-88d3-f4e3c72274f9', 'PRV-306', '2026-04-25 12:55:01.58635');
INSERT INTO public.role_privileges_v2 (id, role_id, privilege_id, created_at) VALUES ('c8721126-ac55-4579-9706-3e569e55b704', '5473ffe3-0c58-4215-88d3-f4e3c72274f9', 'PRV-307', '2026-04-25 12:55:01.58635');
INSERT INTO public.role_privileges_v2 (id, role_id, privilege_id, created_at) VALUES ('875a665b-a30c-4e6c-bcbe-de05d30f3209', '5473ffe3-0c58-4215-88d3-f4e3c72274f9', 'PRV-308', '2026-04-25 12:55:01.58635');
INSERT INTO public.role_privileges_v2 (id, role_id, privilege_id, created_at) VALUES ('5b75b288-d20b-42e2-82cf-3e5fd42ece4a', '5473ffe3-0c58-4215-88d3-f4e3c72274f9', 'PRV-309', '2026-04-25 12:55:01.58635');
INSERT INTO public.role_privileges_v2 (id, role_id, privilege_id, created_at) VALUES ('490ec302-efa1-4c72-949a-eeeb0c59a64d', '5473ffe3-0c58-4215-88d3-f4e3c72274f9', 'PRV-310', '2026-04-25 12:55:01.58635');
INSERT INTO public.role_privileges_v2 (id, role_id, privilege_id, created_at) VALUES ('57f2b399-69be-4f3a-b2b7-5fe88adadf21', '5473ffe3-0c58-4215-88d3-f4e3c72274f9', 'PRV-311', '2026-04-25 12:55:01.58635');
INSERT INTO public.role_privileges_v2 (id, role_id, privilege_id, created_at) VALUES ('e0220a92-a45b-4669-baf1-c41118710c0b', '5473ffe3-0c58-4215-88d3-f4e3c72274f9', 'PRV-312', '2026-04-25 12:55:01.58635');
INSERT INTO public.role_privileges_v2 (id, role_id, privilege_id, created_at) VALUES ('1b433b5e-00be-498f-b360-f9b882458611', '5473ffe3-0c58-4215-88d3-f4e3c72274f9', 'PRV-313', '2026-04-25 12:55:01.58635');
INSERT INTO public.role_privileges_v2 (id, role_id, privilege_id, created_at) VALUES ('9992badb-bc98-42ba-81cf-c77aff034282', '5473ffe3-0c58-4215-88d3-f4e3c72274f9', 'PRV-314', '2026-04-25 12:55:01.58635');
INSERT INTO public.role_privileges_v2 (id, role_id, privilege_id, created_at) VALUES ('672782a6-c8f0-4f9a-9dc3-afd05e58c4fb', '5473ffe3-0c58-4215-88d3-f4e3c72274f9', 'PRV-315', '2026-04-25 12:55:01.58635');
INSERT INTO public.role_privileges_v2 (id, role_id, privilege_id, created_at) VALUES ('8951fd6b-fccf-4720-9940-28e39e82c907', '5473ffe3-0c58-4215-88d3-f4e3c72274f9', 'PRV-316', '2026-04-25 12:55:01.58635');
INSERT INTO public.role_privileges_v2 (id, role_id, privilege_id, created_at) VALUES ('2991d17e-cbee-499f-a12c-6738c5cb8aaa', '5473ffe3-0c58-4215-88d3-f4e3c72274f9', 'PRV-317', '2026-04-25 12:55:01.58635');
INSERT INTO public.role_privileges_v2 (id, role_id, privilege_id, created_at) VALUES ('c860a5d1-dae2-42ff-8bc4-ac182ea63fd3', '5473ffe3-0c58-4215-88d3-f4e3c72274f9', 'PRV-318', '2026-04-25 12:55:01.58635');
INSERT INTO public.role_privileges_v2 (id, role_id, privilege_id, created_at) VALUES ('785114a8-b9de-4d37-a0b8-b4f3e3a3e1a6', '5473ffe3-0c58-4215-88d3-f4e3c72274f9', 'PRV-319', '2026-04-25 12:55:01.58635');
INSERT INTO public.role_privileges_v2 (id, role_id, privilege_id, created_at) VALUES ('dca22657-4be2-4445-ba1f-7a872b935710', '5473ffe3-0c58-4215-88d3-f4e3c72274f9', 'PRV-320', '2026-04-25 12:55:01.58635');
INSERT INTO public.role_privileges_v2 (id, role_id, privilege_id, created_at) VALUES ('b29cb052-4c39-4535-8239-0a819612a426', '5473ffe3-0c58-4215-88d3-f4e3c72274f9', 'PRV-321', '2026-04-25 12:55:01.58635');
INSERT INTO public.role_privileges_v2 (id, role_id, privilege_id, created_at) VALUES ('1f6f27ba-bc41-4be1-b450-5ea3d2e76bae', '5473ffe3-0c58-4215-88d3-f4e3c72274f9', 'PRV-322', '2026-04-25 12:55:01.58635');
INSERT INTO public.role_privileges_v2 (id, role_id, privilege_id, created_at) VALUES ('c0631707-4134-4975-aaa1-97bddd3b9b41', '5473ffe3-0c58-4215-88d3-f4e3c72274f9', 'PRV-323', '2026-04-25 12:55:01.58635');
INSERT INTO public.role_privileges_v2 (id, role_id, privilege_id, created_at) VALUES ('985d851e-f718-4398-b853-c5a0e2030eaf', '5473ffe3-0c58-4215-88d3-f4e3c72274f9', 'PRV-324', '2026-04-25 12:55:01.58635');
INSERT INTO public.role_privileges_v2 (id, role_id, privilege_id, created_at) VALUES ('0698580e-58dc-4e54-8f56-c794f1a2688d', '5473ffe3-0c58-4215-88d3-f4e3c72274f9', 'PRV-325', '2026-04-25 12:55:01.58635');
INSERT INTO public.role_privileges_v2 (id, role_id, privilege_id, created_at) VALUES ('3395b4dd-34ab-4595-b34d-81ed83be012d', '5473ffe3-0c58-4215-88d3-f4e3c72274f9', 'PRV-326', '2026-04-25 12:55:01.58635');
INSERT INTO public.role_privileges_v2 (id, role_id, privilege_id, created_at) VALUES ('88a7148d-fae3-4a85-a921-e5db18924fd0', '5473ffe3-0c58-4215-88d3-f4e3c72274f9', 'PRV-327', '2026-04-25 12:55:01.58635');
INSERT INTO public.role_privileges_v2 (id, role_id, privilege_id, created_at) VALUES ('490e6d76-7126-4fc8-ace5-be06bd2334c0', '5473ffe3-0c58-4215-88d3-f4e3c72274f9', 'PRV-328', '2026-04-25 12:55:01.58635');
INSERT INTO public.role_privileges_v2 (id, role_id, privilege_id, created_at) VALUES ('59313762-9662-46fc-802f-797891360250', '5473ffe3-0c58-4215-88d3-f4e3c72274f9', 'PRV-329', '2026-04-25 12:55:01.58635');


--
-- PostgreSQL database dump complete
--

\unrestrict EGa5RNVUkdhSTrdnaDx7VjssvqBo5jCfyFCsrapmB0aoe2eiZJCsVn0ioEMIaHx

